"Time (s)","Gyroscope x (rad/s)","Gyroscope y (rad/s)","Gyroscope z (rad/s)","Absolute (rad/s)"
1.103920833E-2,-7.920575887E-2,4.700443149E-2,-1.091050953E-1,1.427826692E-1
2.100120834E-2,-8.006089926E-2,5.484903976E-2,-1.037257761E-1,1.420464761E-1
3.096420836E-2,-6.632488966E-2,4.414074868E-2,-8.329614997E-2,1.152633735E-1
4.092720838E-2,-4.735545814E-2,3.504392132E-2,-5.372148007E-2,7.972837173E-2
5.089020834E-2,-2.382351272E-2,3.351853043E-2,-2.349116094E-2,4.735912038E-2
6.085395836E-2,-1.182890311E-2,4.851132631E-2,2.156945877E-3,4.997923714E-2
7.081695832E-2,-1.159531251E-2,4.376336932E-2,3.047936130E-3,4.537591521E-2
8.077995834E-2,-8.871963248E-3,3.682769835E-2,3.992825747E-3,3.809112436E-2
9.074295836E-2,-5.929607898E-3,2.885862999E-2,3.482345026E-3,2.966660583E-2
1.007059583E-1,-4.239299335E-3,1.844567247E-2,-9.561143816E-5,1.892679670E-2
1.106689583E-1,-9.629079141E-4,1.503372006E-2,7.066912483E-3,1.663974707E-2
1.206319584E-1,1.758044004E-3,1.657808758E-2,4.905024543E-4,1.667825828E-2
1.305949584E-1,2.480827272E-3,2.471685782E-2,-3.601815552E-4,2.484365704E-2
1.405579583E-1,2.419840777E-3,1.322132256E-2,-2.962889150E-3,1.376363730E-2
1.505209584E-1,1.052836608E-2,2.790103666E-3,-7.160759531E-3,1.303486279E-2
1.604829584E-1,1.110893488E-2,-5.081667565E-3,-5.375908688E-3,1.334661656E-2
1.704459583E-1,1.511798985E-2,-1.038032211E-2,-4.756440409E-3,1.894540656E-2
1.804089583E-1,1.287853718E-2,-1.497347560E-2,-9.088337421E-3,2.174073523E-2
1.903719584E-1,1.451177243E-2,-8.143866435E-3,-9.092430584E-3,1.896276334E-2
2.003349583E-1,1.478527859E-2,1.468128804E-2,-1.289995108E-2,2.450619145E-2
2.102979583E-1,1.128675975E-2,3.430177644E-2,-1.322415099E-2,3.845622163E-2
2.202609584E-1,1.361489482E-2,3.375822306E-2,-1.175728068E-2,3.825201477E-2
2.302239583E-1,1.217259560E-2,1.201020181E-2,-1.000766829E-2,1.981339082E-2
2.401869583E-1,1.264184527E-2,-5.636435468E-3,-2.985712141E-3,1.415980698E-2
2.501499584E-1,8.538592607E-3,-1.472606324E-2,-2.787296660E-3,1.724916012E-2
2.601129584E-1,5.052781664E-3,-2.379492670E-2,3.532917239E-3,2.458069656E-2
2.700759583E-1,-5.174485035E-3,-4.305792227E-2,5.659628194E-3,4.373547024E-2
2.800389584E-1,-9.337537922E-3,-4.147547483E-2,5.725674331E-3,4.289741220E-2
2.900019584E-1,-1.160203759E-2,-2.638112754E-2,9.541538544E-3,3.035806522E-2
2.999639583E-1,-1.153545920E-2,-1.322830748E-2,9.478954598E-3,1.994756922E-2
3.099269583E-1,-1.291197911E-2,1.113671623E-2,1.132077910E-2,2.046718575E-2
3.198899584E-1,-9.139876813E-3,4.377135634E-2,4.422127269E-3,4.493355310E-2
3.298529583E-1,-1.231313124E-2,8.313977718E-2,6.373045500E-3,8.428790815E-2
3.398159583E-1,-2.137506939E-2,1.484402269E-1,1.039654948E-2,1.503312436E-1
3.497789584E-1,-3.109965846E-2,2.611875534E-1,1.175103150E-2,2.632949174E-1
3.597419583E-1,-4.974205047E-2,3.309464157E-1,1.554683503E-2,3.350246345E-1
3.697049583E-1,-1.730863936E-3,4.772935510E-1,-1.622378826E-2,4.775723411E-1
3.796679584E-1,-1.011928823E-2,8.644329906E-1,-1.568609849E-2,8.646345175E-1
3.896309583E-1,1.053930167E-2,1.356495619E0,-3.057862446E-2,1.356881164E0
3.995939583E-1,4.941426218E-2,1.852571964E0,-6.721226871E-2,1.854449282E0
4.095569584E-1,4.474045709E-2,2.272938728E0,-6.746838987E-2,2.274379950E0
4.195199584E-1,2.433984727E-2,2.630738735E0,-7.699318230E-2,2.631977711E0
4.294829583E-1,-1.596713997E-2,2.983148336E0,-6.209767237E-2,2.983837306E0
4.394449583E-1,-3.328248113E-2,3.402761221E0,-5.944382772E-2,3.403443142E0
4.494079584E-1,-3.146848083E-2,3.938818216E0,-6.903258711E-2,3.939548795E0
4.593709583E-1,-4.855159298E-2,4.568138123E0,-7.231200486E-2,4.568968395E0
4.693339583E-1,-7.558614761E-2,5.214641571E0,-7.097669691E-2,5.215672313E0
4.792969584E-1,-1.850074381E-1,5.822760105E0,-5.277771875E-2,5.825937562E0
4.892599583E-1,-4.104597028E-3,6.433713913E0,-1.175234690E-1,6.434788522E0
4.992229583E-1,9.989650920E-3,7.019348621E0,-1.342976689E-1,7.020640336E0
5.091859584E-1,-1.761014163E-1,7.624088287E0,-1.025619730E-1,7.626811449E0
5.191489583E-1,-1.346916556E-1,8.269734383E0,-1.232898831E-1,8.271750056E0
5.291119583E-1,-1.713035107E-1,8.911219597E0,-1.524858922E-1,8.914170267E0
5.390749584E-1,-3.060844913E-2,9.575210571E0,-1.702891290E-1,9.576773609E0
5.490379583E-1,1.777290702E-1,1.023215103E1,-1.570815742E-1,1.023489995E1
5.590009583E-1,3.438948467E-2,1.087133026E1,-1.944497228E-1,1.087312352E1
5.689639584E-1,-4.146496356E-1,1.153032017E1,-3.504432142E-1,1.154309438E1
5.789259584E-1,-1.219171137E-1,1.225541306E1,-2.349246144E-1,1.225827078E1
5.888889583E-1,-9.135837108E-2,1.289207840E1,-2.327957749E-1,1.289450370E1
5.988519583E-1,-1.904482096E-1,1.351047707E1,-3.516558707E-1,1.351639460E1
6.088149584E-1,-3.073835671E-1,1.413271427E1,-4.928494692E-1,1.414464556E1
6.187779583E-1,-1.130740121E-1,1.483421421E1,-2.409314662E-1,1.483660153E1
6.287409583E-1,-1.279853582E-1,1.553673363E1,-2.345207483E-1,1.553903060E1
6.387039584E-1,-1.724058241E-1,1.630998993E1,-3.599521816E-1,1.631487238E1
6.486669583E-1,-1.993238181E-1,1.695615387E1,-2.770200074E-1,1.695958797E1
6.586299583E-1,-2.092179954E-1,1.760530281E1,2.285618149E-2,1.760656076E1
6.685929584E-1,-1.848092526E-1,1.829805374E1,-4.473839700E-2,1.829904169E1
6.785559583E-1,-1.176424623E-1,1.889615059E1,-3.757741153E-1,1.890025272E1
6.885189583E-1,-2.230659574E-1,1.952835846E1,-3.403721452E-1,1.953259828E1
6.984819584E-1,-3.238556683E-1,2.019944000E1,-2.711520493E-1,2.020385563E1
7.084449584E-1,-1.384281814E-1,2.087993813E1,-3.736951351E-1,2.088374072E1
7.184079583E-1,-5.821271241E-2,2.155460358E1,-4.447152615E-1,2.155926937E1
7.283699583E-1,-2.437804490E-1,2.218623352E1,-4.841393530E-1,2.219285420E1
7.383329584E-1,-5.944252610E-1,2.242294502E1,-6.167181730E-1,2.243929915E1
7.482959583E-1,-2.919818461E-1,2.308053398E1,-7.975706458E-1,2.309615598E1
7.582589583E-1,-4.849616885E-1,2.372889328E1,-1.050599217E0,2.375708995E1
7.682219584E-1,-2.282859534E-1,2.426936722E1,-8.953170776E-1,2.428694901E1
7.781849583E-1,-1.588802487E-1,2.470255852E1,-7.520669699E-1,2.471451486E1
7.881479583E-1,-1.686967164E-1,2.522433472E1,-5.653300881E-1,2.523123300E1
7.981109584E-1,-1.941711754E-1,2.571526146E1,-8.976012468E-2,2.571615117E1
8.080739583E-1,-2.918273509E-1,2.609088516E1,-6.365699321E-2,2.609259481E1
8.180369583E-1,-2.033744454E-1,2.647428131E1,-3.961353302E-1,2.647802590E1
8.279999584E-1,-4.619248211E-1,2.693268013E1,-2.714299262E-1,2.693800861E1
8.379629583E-1,-4.038892090E-1,2.738122368E1,-3.727597296E-1,2.738673924E1
8.479259583E-1,-2.885443270E-1,2.782328033E1,-4.761792123E-1,2.782885073E1
8.578889584E-1,-2.429187745E-1,2.818321609E1,-5.545424819E-1,2.818971792E1
8.678519584E-1,-1.104673371E-1,2.842350769E1,-6.757838130E-1,2.843175472E1
8.778139583E-1,-2.280794531E-1,2.863330841E1,-8.628935218E-1,2.864721550E1
8.877769583E-1,-1.054186374E-1,2.863769913E1,-9.797376990E-1,2.865464727E1
8.977399584E-1,3.667165712E-2,2.863279533E1,-1.087037086E0,2.865344592E1
9.077029583E-1,1.941892505E-1,2.807563019E1,-1.465119600E0,2.811450329E1
9.176659583E-1,2.409226745E-1,2.684667015E1,-1.655875683E0,2.689876700E1
9.276289584E-1,1.193571314E-1,2.825116920E1,-1.274780989E0,2.828016751E1
9.375919583E-1,3.452035785E-1,2.746743202E1,-1.320357323E0,2.750131508E1
9.475549583E-1,3.274191320E-1,2.737059975E1,-1.353816628E0,2.740601673E1
9.575179584E-1,4.313364625E-1,2.743482399E1,-1.414162755E0,2.747463330E1
9.674809583E-1,6.322761178E-1,2.743072319E1,-1.466566443E0,2.747717535E1
9.774439583E-1,7.823033929E-1,2.712324905E1,-1.847884297E0,2.719737697E1
9.874069584E-1,7.137719393E-1,2.304904938E1,-2.534741402E0,2.319898837E1
9.973699583E-1,1.101718545E0,1.636834908E1,-2.740909815E0,1.663277553E1
1.007332958E0,1.423456669E0,1.376527691E1,-1.375326753E0,1.390685446E1
1.017295958E0,2.548846483E0,1.295105219E0,-3.322554827E-1,2.878247666E0
1.027258958E0,2.646531582E0,-2.654990911E0,-1.332625031E0,3.978567032E0
1.037220958E0,2.216588259E0,-3.422841311E0,-9.251787663E-1,4.181514306E0
1.047183958E0,2.188761711E0,-2.299365282E0,5.193953961E-2,3.174973424E0
1.057146958E0,2.453029871E0,-1.389214635E0,7.538984418E-1,2.918156218E0
1.067109083E0,3.004601240E0,-1.494187593E0,9.264699817E-1,3.481173912E0
1.077072083E0,3.634877443E0,-1.927778125E0,8.710048795E-1,4.205628613E0
1.087035083E0,3.832738876E0,-1.891995430E0,3.603414595E-1,4.289449845E0
1.096998083E0,2.863797426E0,-1.158913732E0,-1.119050622E0,3.285831863E0
1.106961083E0,9.963213205E-1,3.392461836E-1,-2.090717077E0,2.340692642E0
1.116924083E0,-5.094850659E-1,1.794447184E0,-6.351942420E-1,1.970555113E0
1.126887083E0,-1.337872624E0,3.708106279E0,1.056358576E0,4.081157774E0
1.136850083E0,-2.316754580E0,5.326396465E0,1.476475120E0,5.993148577E0
1.146813083E0,-2.973866224E0,6.139465332E0,1.061052680E0,6.903821237E0
1.156776083E0,-3.133399963E0,6.166367054E0,3.475487232E-1,6.925537386E0
1.166739083E0,-2.968297482E0,5.714158535E0,-3.249543905E-1,6.447324488E0
1.176702083E0,-2.647501707E0,5.052607059E0,-8.079194427E-1,5.761148949E0
1.186665083E0,-2.199655056E0,4.382274151E0,-1.227304339E0,5.054610276E0
1.196628083E0,-1.688196898E0,3.760275602E0,-1.677036285E0,4.449958660E0
1.206591083E0,-1.187991142E0,3.098400593E0,-2.146692514E0,3.952176355E0
1.216553083E0,-7.257715464E-1,2.570538044E0,-2.510807991E0,3.665865101E0
1.226516083E0,-3.495177031E-1,2.280703068E0,-2.638680935E0,3.505197025E0
1.236479083E0,-1.126510799E-1,2.321374178E0,-2.518796682E0,3.427215352E0
1.246442083E0,-4.767765477E-2,2.621987343E0,-2.177657366E0,3.408706850E0
1.256405083E0,-9.867293388E-2,2.964746952E0,-1.758273721E0,3.448331091E0
1.266368083E0,-1.961226910E-1,3.261057377E0,-1.372475386E0,3.543536088E0
1.276331083E0,-2.850991786E-1,3.513534546E0,-1.124770999E0,3.700177880E0
1.286294083E0,-3.280414641E-1,3.710304499E0,-1.104466438E0,3.885076162E0
1.296257083E0,-3.522709012E-1,3.759886265E0,-1.220774174E0,3.968769217E0
1.306220083E0,-3.894924819E-1,3.700907469E0,-1.367338300E0,3.964597648E0
1.316183083E0,-4.429703653E-1,3.561505079E0,-1.420351982E0,3.859785088E0
1.326146083E0,-4.709765613E-1,3.375752449E0,-1.352479696E0,3.666977618E0
1.336109083E0,-4.397605658E-1,3.145138264E0,-1.226022124E0,3.404176009E0
1.346072083E0,-3.656850159E-1,2.877609968E0,-1.094099045E0,3.100228601E0
1.356035083E0,-2.597005367E-1,2.642024755E0,-1.001646042E0,2.837434399E0
1.365998083E0,-1.731462628E-1,2.399383783E0,-9.417658448E-1,2.583397971E0
1.375961083E0,-1.566330642E-1,2.143483639E0,-8.825371265E-1,2.323344100E0
1.385924083E0,-2.473580986E-1,1.924672127E0,-7.833943367E-1,2.092667081E0
1.395887083E0,-4.056369662E-1,1.744708180E0,-6.617717743E-1,1.909578452E0
1.405850083E0,-5.421465635E-1,1.645919561E0,-5.667213202E-1,1.823224384E0
1.415813083E0,-6.124426126E-1,1.557027817E0,-5.207820535E-1,1.752322894E0
1.425775083E0,-5.577817559E-1,1.488466263E0,-5.575887561E-1,1.684505127E0
1.435738083E0,-3.837053180E-1,1.426019430E0,-6.806952357E-1,1.626071090E0
1.445701083E0,-1.662618369E-1,1.406481862E0,-8.068333864E-1,1.629973724E0
1.455664083E0,-3.449767455E-2,1.386566997E0,-8.537199497E-1,1.628679182E0
1.465627083E0,-4.763433337E-2,1.319392085E0,-8.092195988E-1,1.548515697E0
1.475590083E0,-2.070801854E-1,1.174607754E0,-6.845948100E-1,1.375229302E0
1.485553083E0,-4.121158719E-1,9.634419084E-1,-5.465134978E-1,1.181836201E0
1.495516083E0,-5.371582508E-1,7.479599714E-1,-4.483917058E-1,1.024225672E0
1.505479083E0,-5.088621378E-1,6.125882864E-1,-3.673665822E-1,8.770195492E-1
1.515442083E0,-3.362003863E-1,6.010208726E-1,-2.679409087E-1,7.389513648E-1
1.525405083E0,-1.222553775E-1,7.472270131E-1,-1.564817280E-1,7.731630602E-1
1.535368083E0,8.444843814E-3,9.441515207E-1,-1.696963236E-2,9.443417696E-1
1.545331083E0,1.010165084E-3,1.045957923E0,1.262644976E-1,1.053551954E0
1.555294083E0,-1.377852559E-1,1.020628810E0,2.265674025E-1,1.054514453E0
1.565257083E0,-3.102340996E-1,8.263275623E-1,2.374482304E-1,9.140263120E-1
1.575220083E0,-4.116808176E-1,4.785440862E-1,1.679607630E-1,6.532199905E-1
1.585183083E0,-3.749905229E-1,3.628182784E-2,5.482849851E-2,3.807104248E-1
1.595146083E0,-1.957296878E-1,-3.566558659E-1,-8.990737796E-2,4.166495578E-1
1.605109083E0,-3.555564675E-3,-6.008115411E-1,-2.232305855E-1,6.409516707E-1
1.615072083E0,1.078010574E-1,-8.136801720E-1,-2.212734371E-1,8.500931856E-1
1.625035083E0,1.572790295E-1,-9.000775218E-1,-1.226470619E-1,9.219102669E-1
1.634998083E0,1.218696460E-1,-8.908722997E-1,5.443272181E-3,8.991859063E-1
1.644961083E0,2.152759954E-2,-9.728017449E-1,1.089074537E-1,9.791156755E-1
1.654924083E0,-3.103281371E-2,-1.061193705E0,1.153051630E-1,1.067890629E0
1.664887083E0,1.618273742E-2,-1.047841072E0,9.569783695E-3,1.048009720E0
1.674850083E0,1.051003560E-1,-9.211758971E-1,-5.878184736E-2,9.290136834E-1
1.684813083E0,2.298415750E-1,-6.390975118E-1,-2.006949112E-2,6.794671174E-1
1.694776083E0,2.375841886E-1,-4.138976336E-1,6.979754567E-2,4.823164885E-1
1.704739083E0,-1.505369246E-1,-3.463172317E-1,-1.248919368E-1,3.977373335E-1
1.714702083E0,-7.264979482E-1,-6.851608157E-1,-4.423324764E-1,1.092200820E0
1.724664083E0,-1.257053018E0,-8.807947040E-1,-6.240490079E-1,1.656930525E0
1.734627083E0,-1.605513692E0,2.666966915E-1,-2.406377196E-1,1.645207541E0
1.744590083E0,-1.990811944E0,7.113254070E-1,5.667338371E-1,2.188721836E0
1.754553083E0,-1.925257444E0,9.808684587E-1,8.022315502E-1,2.304841561E0
1.764516083E0,-1.408714771E0,9.739907980E-1,5.424147844E-1,1.796482446E0
1.774479083E0,-7.625573874E-1,7.844424248E-1,-7.179099135E-3,1.094027068E0
1.784442083E0,-3.176035285E-1,3.453078270E-1,-5.933784842E-1,7.564439981E-1
1.794405083E0,-2.240978032E-1,1.539091952E-2,-8.845953941E-1,9.126695553E-1
1.804368083E0,-4.407939315E-1,-2.486623526E-1,-9.771847725E-1,1.100464600E0
1.814331083E0,-8.863219023E-1,-4.114730954E-1,-8.248714209E-1,1.278784377E0
1.824294083E0,-1.408757806E0,-2.357250005E-1,-3.605072498E-1,1.473136215E0
1.834257083E0,-1.822309732E0,1.085394248E-1,1.157796532E-1,1.829207067E0
1.844220083E0,-2.018049240E0,4.470383823E-1,2.635208964E-1,2.083700870E0
1.854183083E0,-1.912781119E0,9.523756504E-1,9.545091540E-2,2.138892673E0
1.864146083E0,-1.503039718E0,1.626085758E0,-2.115926743E-1,2.224422340E0
1.874109083E0,-1.016999245E0,2.093895912E0,-5.665086508E-1,2.395750322E0
1.884072083E0,-5.760802031E-1,2.500511885E0,-8.235914111E-1,2.694945435E0
1.894035083E0,-2.513851523E-1,2.927307367E0,-9.080852866E-1,3.075214107E0
1.903998083E0,-5.974829569E-2,3.215179682E0,-8.761365414E-1,3.332951467E0
1.913961083E0,1.389263384E-2,3.374381065E0,-7.921835780E-1,3.466149939E0
1.923924083E0,-2.551825345E-2,3.391568661E0,-6.735662818E-1,3.457901198E0
1.933887083E0,-1.222237498E-1,3.244251490E0,-4.605037868E-1,3.279050184E0
1.943850083E0,-2.167706788E-1,3.017067194E0,-1.872117370E-1,3.030632313E0
1.953813083E0,-2.667334676E-1,2.746105909E0,1.184049025E-1,2.761569143E0
1.963776083E0,-2.421661019E-1,2.507398129E0,4.516296983E-1,2.559230193E0
1.973739083E0,-1.343312413E-1,2.357912540E0,7.451620102E-1,2.476502141E0
1.983702083E0,3.708122298E-2,2.238360882E0,9.342294931E-1,2.425782183E0
1.993665083E0,2.461257875E-1,2.202580690E0,9.541389942E-1,2.412948574E0
2.003628083E0,4.432914555E-1,2.264099360E0,8.209273219E-1,2.448790496E0
2.013591083E0,5.642634034E-1,2.320960045E0,6.394137144E-1,2.472670341E0
2.023554083E0,5.909255743E-1,2.341178656E0,4.994161129E-1,2.465710240E0
2.033517083E0,5.403444171E-1,2.380287886E0,4.431797564E-1,2.480756095E0
2.043480083E0,4.051564038E-1,2.411626816E0,4.695371985E-1,2.490092527E0
2.053443083E0,2.016022354E-1,2.376842976E0,5.589549541E-1,2.449991150E0
2.063406833E0,-1.220698282E-2,2.322656155E0,6.720212102E-1,2.417952260E0
2.073369833E0,-1.876371205E-1,2.274259329E0,7.513727546E-1,2.402503736E0
2.083332833E0,-3.013738394E-1,2.177080870E0,7.455166578E-1,2.320840880E0
2.093295833E0,-3.644721210E-1,1.998910308E0,6.567644477E-1,2.135373945E0
2.103258833E0,-3.584527969E-1,1.806478143E0,5.202839971E-1,1.913778233E0
2.113221833E0,-3.098245263E-1,1.607659578E0,4.405660629E-1,1.695481941E0
2.123184833E0,-2.435577810E-1,1.429644227E0,4.807692766E-1,1.527855394E0
2.133147833E0,-1.775196344E-1,1.303865314E0,6.010171771E-1,1.446651176E0
2.143110833E0,-1.262023002E-1,1.223461628E0,6.934515238E-1,1.411970393E0
2.153073833E0,-8.955400437E-2,1.158233047E0,7.010716200E-1,1.356843811E0
2.163036833E0,-8.071815223E-2,1.115280390E0,6.793589592E-1,1.308393811E0
2.172999833E0,-8.195518702E-2,1.093477130E0,6.140550375E-1,1.256770653E0
2.182962833E0,-8.454054594E-2,1.064831376E0,5.036746264E-1,1.180974637E0
2.192925833E0,-1.090219170E-1,1.007757187E0,4.127010107E-1,1.094432479E0
2.202888833E0,-1.498531401E-1,9.293315411E-1,3.865622580E-1,1.017616557E0
2.212851833E0,-1.858044714E-1,8.190002441E-1,4.064464867E-1,9.329970247E-1
2.222814833E0,-2.171206027E-1,7.330660820E-1,3.961732984E-1,8.610926309E-1
2.232777833E0,-2.625664175E-1,6.927367449E-1,3.628600836E-1,8.249198516E-1
2.242740833E0,-3.283052444E-1,6.382462978E-1,3.132488430E-1,7.831139814E-1
2.252703833E0,-3.860079646E-1,5.606827736E-1,2.714302838E-1,7.328313041E-1
2.262666833E0,-4.145944118E-1,4.792497158E-1,2.562009692E-1,6.835259710E-1
2.272629833E0,-3.958260417E-1,3.969947696E-1,2.953220010E-1,6.336388456E-1
2.282592833E0,-3.265350759E-1,3.242346942E-1,3.723567426E-1,5.919483394E-1
2.292555833E0,-2.242388129E-1,2.937540114E-1,4.235048592E-1,5.620772458E-1
2.302518833E0,-1.374744177E-1,2.587857842E-1,4.651887119E-1,5.497907196E-1
2.312481833E0,-9.500871599E-2,2.188926637E-1,4.858599007E-1,5.412952036E-1
2.322444833E0,-9.177125245E-2,1.632197797E-1,4.820211828E-1,5.171141846E-1
2.332407833E0,-1.114863679E-1,1.078638360E-1,4.569627047E-1,4.825751038E-1
2.342370833E0,-1.426643878E-1,1.105004251E-1,4.013324976E-1,4.400355044E-1
2.352333833E0,-1.915080845E-1,1.490494013E-1,3.052392602E-1,3.899513770E-1
2.362296833E0,-2.444346249E-1,1.481787115E-1,1.822467297E-1,3.389971783E-1
2.372259833E0,-2.970853150E-1,1.243018657E-1,1.013180539E-1,3.376032971E-1
2.382222833E0,-3.186504841E-1,9.176634252E-2,8.330620825E-2,3.419051286E-1
2.392185833E0,-3.040848374E-1,4.436367005E-2,1.249665692E-1,3.317414159E-1
2.402148833E0,-2.575543225E-1,-5.491621327E-3,1.927021742E-1,3.217118507E-1
2.412111833E0,-1.896687448E-1,-7.730273996E-3,2.400907278E-1,3.060678805E-1
2.422074833E0,-1.373021752E-1,1.373155229E-2,2.497786283E-1,2.853590826E-1
2.432037833E0,-1.149992645E-1,6.026363373E-2,2.109734416E-1,2.477222829E-1
2.442000833E0,-1.212865040E-1,1.130189449E-1,1.363131404E-1,2.146275150E-1
2.451963833E0,-1.368723810E-1,1.435089409E-1,3.629653156E-2,2.016092830E-1
2.461926833E0,-1.575513631E-1,1.646457762E-1,-5.359764397E-2,2.341011983E-1
2.471889833E0,-1.814859807E-1,1.917386353E-1,-7.484007627E-2,2.744119212E-1
2.481852833E0,-1.928879172E-1,2.236390114E-1,-7.342304289E-2,3.043207177E-1
2.491815833E0,-1.922737807E-1,2.079423368E-1,-7.554318756E-2,2.931143043E-1
2.501778833E0,-1.810312420E-1,1.563911885E-1,-6.060246378E-2,2.467856824E-1
2.511741833E0,-5.229443908E-1,-1.002459228E-1,1.199068576E-1,5.458000874E-1
2.521704833E0,-6.622890830E-1,-1.461490393E-1,1.427402943E-1,6.930809208E-1
2.531667833E0,-6.733707786E-1,-1.974180937E-1,1.489302814E-1,7.173439467E-1
2.541630833E0,-4.865584671E-1,-1.499119848E-1,1.077633500E-1,5.204091513E-1
2.551593833E0,-1.840838194E-1,-4.862479120E-2,1.332712173E-2,1.908633937E-1
2.561556833E0,-5.548572540E-2,-2.288836055E-3,-1.025137603E-1,1.165889169E-1
2.571519833E0,-1.506964117E-1,-1.880336553E-2,-1.938884109E-1,2.462837610E-1
2.581482833E0,-2.481832653E-1,3.728169203E-2,-2.396878898E-1,3.470376669E-1
2.591445833E0,-2.869597077E-1,1.120486036E-1,-2.506441176E-1,3.971438494E-1
2.601408833E0,-2.759153247E-1,1.834290773E-1,-2.058072090E-1,3.900411518E-1
2.611371833E0,-2.578005940E-2,1.999401301E-1,-1.479175389E-1,2.500405275E-1
2.621334833E0,-5.644756183E-2,2.028084099E-1,-9.122066200E-3,2.107149507E-1
2.631297833E0,-5.922071263E-2,1.553253233E-1,4.939850047E-2,1.734164373E-1
2.641260833E0,-3.871343657E-2,1.131999195E-1,2.117641270E-2,1.214964707E-1
2.651223833E0,-6.327683479E-2,1.213561147E-1,1.758780330E-2,1.379876633E-1
2.661186833E0,-6.466517597E-2,1.239271984E-1,1.472249813E-2,1.405570611E-1
2.671149833E0,-6.701008976E-2,1.253181696E-1,1.939954236E-2,1.434271174E-1
2.681112833E0,-5.856622010E-2,9.728930146E-2,4.419163615E-2,1.218528252E-1
2.691075833E0,2.389563434E-2,6.019546464E-2,9.388195723E-2,1.140540100E-1
2.701038833E0,1.107490733E-1,2.664875425E-2,1.716818064E-1,2.060343564E-1
2.711001833E0,1.457589865E-1,1.726627583E-3,2.069335431E-1,2.531208301E-1
2.720964833E0,1.370225549E-1,5.193279125E-3,1.716313213E-1,2.196803613E-1
2.730927833E0,8.299367875E-2,2.372275479E-2,1.208397746E-1,1.485024274E-1
2.740890833E0,2.366765216E-2,4.934963305E-3,1.034816802E-1,1.062683855E-1
2.750853833E0,5.940407515E-2,3.565958515E-2,5.459615588E-2,8.821105596E-2
2.760816833E0,5.138904974E-2,5.808218941E-2,3.811907023E-2,8.641434299E-2
2.770779833E0,4.944840446E-2,5.415269732E-2,1.931981742E-2,7.583478540E-2
2.780742833E0,3.380201757E-2,5.888051540E-2,-1.261224318E-2,6.905476206E-2
2.790705833E0,5.269974470E-3,6.296287477E-2,-3.954039887E-3,6.330663995E-2
2.800668833E0,-1.956282929E-2,5.391545594E-2,5.955658853E-4,5.735795827E-2
2.810631833E0,-1.653907634E-2,6.534761190E-2,9.118746035E-3,6.802207698E-2
2.820594833E0,-2.740983479E-2,8.366030455E-2,1.207991503E-2,8.886095851E-2
2.830557833E0,-1.607488841E-2,8.965028822E-2,4.271793179E-3,9.118017566E-2
2.840520833E0,-1.882656105E-2,1.264202595E-1,3.963174298E-3,1.278758310E-1
2.850483833E0,-3.464094549E-2,1.859933138E-1,1.075077243E-2,1.894969313E-1
2.860446833E0,-3.461477906E-2,2.354487926E-1,8.940249681E-3,2.381475276E-1
2.870409833E0,-3.833574802E-2,2.688043714E-1,2.763244510E-2,2.729266782E-1
2.880372833E0,-3.667342290E-2,3.091859519E-1,7.131981850E-2,3.194172966E-1
2.890335833E0,-3.693467751E-2,3.641687930E-1,1.032796204E-1,3.803284898E-1
2.900298833E0,-2.595851943E-2,5.964184999E-1,2.410209551E-2,5.974694828E-1
2.910261833E0,-9.811506607E-3,9.969891310E-1,-7.914519310E-2,1.000173762E0
2.920224833E0,-2.274937555E-2,1.357403755E0,-1.064678133E-1,1.361762785E0
2.930187833E0,2.029396594E-2,1.712530971E0,-1.054368727E-2,1.712683666E0
2.940150833E0,1.934332028E-2,2.109863997E0,-1.877858303E-2,2.110036228E0
2.950113833E0,1.742611080E-2,2.538968563E0,2.034820616E-3,2.539029179E0
2.960076833E0,7.595647126E-2,3.068975210E0,-4.605351388E-2,3.070260437E0
2.970039833E0,1.379776001E-2,3.698262215E0,-3.363998607E-2,3.698440947E0
2.980002833E0,-1.619752962E-3,4.414658070E0,-5.503698811E-2,4.415001423E0
2.989965833E0,-1.132956892E-1,5.085987568E0,-6.673333049E-2,5.087686979E0
2.999928833E0,-2.588661611E-1,5.668233395E0,-7.907336950E-2,5.674692424E0
3.009891833E0,-8.105301112E-2,6.316871166E0,-1.272382438E-1,6.318672368E0
3.019854833E0,-9.885355085E-2,6.986123562E0,-1.187521517E-1,6.987832033E0
3.029817833E0,-1.553945839E-1,7.655560970E0,-1.110497564E-1,7.657943150E0
3.039780833E0,-2.967565060E-1,8.335165977E0,-1.390403062E-1,8.341605871E0
3.049743833E0,-2.268778086E-1,9.001016617E0,-1.438435763E-1,9.005024411E0
3.059706833E0,3.221118823E-2,9.646853447E0,-9.334343672E-2,9.647358809E0
3.069669458E0,1.854910105E-1,1.022892857E1,-5.178747699E-2,1.023074134E1
3.079632458E0,-8.999731392E-2,1.083585072E1,-1.425075233E-1,1.083716147E1
3.089595458E0,-2.193901986E-1,1.151506424E1,-2.344925702E-1,1.151954093E1
3.099558458E0,-8.062119782E-2,1.214612675E1,-1.441614032E-1,1.214724978E1
3.109521458E0,-1.622273773E-1,1.271559238E1,-2.283298075E-1,1.271867689E1
3.119484458E0,-1.630727202E-1,1.327460766E1,-2.490019500E-1,1.327794424E1
3.129447458E0,-1.786977500E-1,1.380181026E1,-2.383061647E-1,1.380502406E1
3.139411458E0,-9.843173623E-2,1.433329010E1,-1.151335239E-1,1.433409047E1
3.149373458E0,-1.326845139E-1,1.485226250E1,-1.743244231E-1,1.485387813E1
3.159337458E0,-1.267283559E-1,1.542434502E1,-2.003287673E-1,1.542616643E1
3.169300458E0,-1.543040574E-1,1.592229080E1,-1.850579381E-1,1.592411381E1
3.179263458E0,-2.108718753E-1,1.639890671E1,1.405459736E-2,1.640026846E1
3.189226458E0,-2.788823545E-1,1.685949707E1,1.208239198E-1,1.686223637E1
3.199189458E0,-1.539897621E-1,1.734457588E1,-1.533155441E-1,1.734593702E1
3.209152458E0,-1.501694620E-1,1.778188896E1,-2.591024339E-1,1.778441059E1
3.219115458E0,-3.268381655E-1,1.819885254E1,-9.381113946E-2,1.820202894E1
3.229078458E0,-1.559942514E-1,1.867707825E1,-1.585616469E-1,1.867840271E1
3.239041458E0,1.873435080E-2,1.922422981E1,-2.337676138E-1,1.922566020E1
3.249004458E0,-4.678766802E-2,1.980474281E1,-2.755305171E-1,1.980671462E1
3.258967458E0,-2.662904859E-1,2.027571487E1,-3.095585108E-1,2.027982620E1
3.268930458E0,-3.832727373E-1,2.059406662E1,-5.106233954E-1,2.060396113E1
3.278893458E0,-6.700520217E-2,2.135532951E1,-5.749054551E-1,2.136317169E1
3.288856458E0,-3.643181026E-1,2.201281738E1,-9.173213840E-1,2.203493443E1
3.298819458E0,-6.108501181E-2,2.268874168E1,-6.548202038E-1,2.269827130E1
3.308782458E0,-8.832992986E-3,2.342146683E1,-5.233250260E-1,2.342731430E1
3.318745458E0,-7.616036385E-2,2.429482079E1,-4.384905100E-1,2.429889692E1
3.328708458E0,-1.784601063E-1,2.511906815E1,5.838263780E-2,2.511976992E1
3.338671458E0,-3.523580432E-1,2.579476738E1,2.433954328E-1,2.579832207E1
3.348634458E0,-1.839101911E-1,2.640343285E1,-1.751219332E-1,2.640465407E1
3.358597458E0,-3.418142200E-1,2.727588844E1,-1.686747968E-1,2.727855162E1
3.368560458E0,-3.067182899E-1,2.823529816E1,-2.657361031E-1,2.823821442E1
3.378523458E0,-1.205887273E-1,2.905031586E1,-3.250997066E-1,2.905238515E1
3.388486458E0,-3.305248916E-2,2.962793541E1,-3.817685843E-1,2.963041337E1
3.398449458E0,9.712535888E-2,2.989641380E1,-4.547323287E-1,2.990002965E1
3.408412458E0,4.340301082E-2,3.011419868E1,-5.990551710E-1,3.012018780E1
3.418375458E0,1.019139290E-1,3.012129402E1,-7.044017911E-1,3.012970166E1
3.428338458E0,1.834229082E-1,3.011647224E1,-8.034197092E-1,3.012774515E1
3.438301458E0,3.255669475E-1,2.861370850E1,-1.082204223E0,2.863601707E1
3.448264458E0,3.424170315E-1,2.650300980E1,-1.159941912E0,2.653059070E1
3.458227458E0,2.212731540E-1,3.409616089E1,-9.544294477E-1,3.411023431E1
3.468190458E0,3.634577096E-1,2.818345642E1,-9.252265692E-1,2.820098157E1
3.478154458E0,1.581924260E-1,2.772072601E1,-1.353263617E0,2.775418884E1
3.488117458E0,1.626689285E-1,2.695975304E1,-2.225082159E0,2.705190817E1
3.498080458E0,1.750997901E0,2.464409065E1,-2.512072325E0,2.483360032E1
3.508043458E0,3.616846561E0,1.661846542E1,-2.073186398E0,1.713339061E1
3.518006458E0,5.170582771E0,8.899270058E0,-1.612519503E0,1.041787660E1
3.527969458E0,5.507052898E0,4.987440109E0,-2.484960556E0,7.834361457E0
3.537932458E0,5.612875462E0,1.331095695E0,-3.013282299E0,6.508153111E0
3.547895458E0,4.215717316E0,-2.015537500E0,-1.208515525E0,4.826507399E0
3.557858458E0,2.785621881E0,-2.866301298E0,2.167015150E-2,3.996979109E0
3.567821458E0,1.495026708E0,-3.145735025E0,5.715311766E-1,3.529504440E0
3.577784458E0,7.942236662E-1,-3.020069838E0,3.739977181E-1,3.145073505E0
3.587747458E0,6.146960258E-1,-1.839720130E0,-6.743752956E-1,2.053583064E0
3.597710458E0,5.782084465E-1,2.937264442E-1,-1.364771724E0,1.511026833E0
3.607673458E0,3.055438995E-1,2.591375351E0,-7.870441675E-1,2.725439745E0
3.617636458E0,-4.664028287E-1,4.320886135E0,2.002640069E-1,4.350597001E0
3.627599458E0,-1.495539427E0,5.443996429E0,6.246445775E-1,5.680133462E0
3.637562458E0,-2.365105391E0,5.857649326E0,3.825157881E-1,6.328672647E0
3.647525458E0,-3.096621513E0,5.679099560E0,-2.126831412E-1,6.471975798E0
3.657488458E0,-3.642094135E0,5.108929634E0,-7.019897103E-1,6.313382711E0
3.667451458E0,-4.000961781E0,4.247707367E0,-1.016264319E0,5.923133141E0
3.677414458E0,-4.166886330E0,3.378226042E0,-1.167882562E0,5.489927372E0
3.687377458E0,-4.029618740E0,2.836416960E0,-1.175654292E0,5.066088370E0
3.697340458E0,-3.521559000E0,2.597811937E0,-1.081209540E0,4.507662224E0
3.707303458E0,-2.689155579E0,2.504208803E0,-9.892849326E-1,3.805430874E0
3.717266458E0,-1.682180285E0,2.550012589E0,-1.009050131E0,3.217215703E0
3.727229458E0,-7.238757610E-1,2.655454874E0,-1.100803018E0,2.964321843E0
3.737193458E0,-2.276599966E-2,2.779245377E0,-1.254420638E0,3.049310462E0
3.747156458E0,3.352664411E-1,2.756513596E0,-1.481978416E0,3.147543616E0
3.757119458E0,4.125301242E-1,2.580301523E0,-1.762177944E0,3.151730979E0
3.767082458E0,2.855644524E-1,2.322115898E0,-1.974211454E0,3.061254672E0
3.777045458E0,3.450905159E-2,2.067048788E0,-2.038091183E0,2.903049644E0
3.787008458E0,-2.499615550E-1,1.868999839E0,-1.975649476E0,2.731086236E0
3.796971458E0,-4.696730077E-1,1.750338435E0,-1.825204730E0,2.572090527E0
3.806934458E0,-6.098535061E-1,1.680510283E0,-1.645066142E0,2.429460582E0
3.816897458E0,-6.849849224E-1,1.659927845E0,-1.477748990E0,2.325576675E0
3.826860458E0,-6.933373809E-1,1.702335000E0,-1.269759893E0,2.234043725E0
3.836823458E0,-7.013829947E-1,1.775557876E0,-1.108703256E0,2.207660930E0
3.846786458E0,-7.508373857E-1,1.855844498E0,-1.040029168E0,2.256008921E0
3.856749458E0,-8.752776384E-1,1.883770227E0,-1.029527068E0,2.318324222E0
3.866712458E0,-1.074407220E0,1.797820687E0,-1.026003122E0,2.332207646E0
3.876675458E0,-1.294923306E0,1.586510539E0,-9.986117482E-1,2.278391424E0
3.886638458E0,-1.429081082E0,1.319193363E0,-9.282411337E-1,2.155034912E0
3.896601458E0,-1.391786456E0,1.102729559E0,-8.757646680E-1,1.979910547E0
3.906564458E0,-1.185262322E0,9.988699555E-1,-8.838598728E-1,1.784319544E0
3.916527458E0,-8.782204986E-1,9.721630812E-1,-8.877980113E-1,1.582579416E0
3.926490458E0,-5.523396134E-1,1.073712945E0,-8.417372704E-1,1.471889999E0
3.936453458E0,-2.774508297E-1,1.229532480E0,-7.082753181E-1,1.445815690E0
3.946416458E0,-9.273903072E-2,1.352042198E0,-5.037432313E-1,1.445813223E0
3.956379458E0,1.827861764E-3,1.433524728E0,-2.885839343E-1,1.462284915E0
3.966342458E0,1.779404469E-2,1.439407349E0,-1.114317924E-1,1.443823808E0
3.976306458E0,-1.195595972E-2,1.310102224E0,-5.328055471E-2,1.311239719E0
3.986269458E0,-4.463108256E-2,1.126173735E0,-1.354960650E-1,1.135173290E0
3.996232458E0,2.130561974E-3,9.605031013E-1,-2.569642663E-1,9.942843563E-1
4.006195458E0,1.451004893E-1,8.606969118E-1,-3.096306920E-1,9.261341649E-1
4.016158458E0,3.329450190E-1,8.022396564E-1,-2.664061189E-1,9.085224666E-1
4.026121458E0,4.725021422E-1,7.561962605E-1,-1.417299658E-1,9.028723287E-1
4.036084458E0,5.214992166E-1,6.707271934E-1,8.874448016E-3,8.496559048E-1
4.046047458E0,4.933767915E-1,4.998600781E-1,1.498518139E-1,7.181478414E-1
4.056010458E0,4.452835619E-1,2.361560017E-1,2.311967313E-1,5.545259563E-1
4.065973583E0,4.282470345E-1,-5.550114438E-2,2.350276858E-1,4.916440915E-1
4.075936583E0,4.724078774E-1,-2.354457825E-1,2.005436867E-1,5.646429752E-1
4.085899583E0,5.573307872E-1,-3.082379401E-1,1.734271049E-1,6.600796882E-1
4.095862583E0,6.499736905E-1,-2.984245121E-1,1.580150723E-1,7.324559720E-1
4.105825583E0,7.288357615E-1,-2.775461376E-1,1.870981157E-1,8.020219016E-1
4.115788583E0,7.249681354E-1,-3.230390549E-1,4.015228152E-1,8.894681554E-1
4.125751583E0,6.514075994E-1,-5.466250181E-1,7.723724842E-1,1.148777622E0
4.135714583E0,4.890314341E-1,-8.934987783E-1,9.946983457E-1,1.423698216E0
4.145677583E0,3.224355280E-1,-1.194253206E0,9.193351865E-1,1.541227620E0
4.155640583E0,-2.419592738E-1,-2.101565123E0,3.621957600E-1,2.146230655E0
4.165603583E0,-6.052938104E-1,-1.861617327E0,-5.513635874E-1,2.033716173E0
4.175567583E0,-9.172908664E-1,-1.416944981E0,-1.026640534E0,1.975638226E0
4.185530583E0,-1.225742340E0,-7.017195821E-1,-8.171476126E-1,1.631742895E0
4.195493583E0,-1.366480350E0,-1.563805193E-1,-1.375387609E-1,1.382259138E0
4.205456583E0,-1.337328076E0,2.569857538E-1,5.380812883E-1,1.464247088E0
4.215419583E0,-1.078620195E0,3.525113165E-1,9.825428128E-1,1.501025028E0
4.225382583E0,-6.830994487E-1,1.680924743E-1,1.177652955E0,1.371767626E0
4.235345583E0,-2.972666323E-1,3.879927397E-1,1.049085855E0,1.157362065E0
4.245308583E0,-2.030882090E-1,5.223202109E-1,6.122970581E-1,8.300427162E-1
4.255271583E0,-3.232362568E-1,5.870835781E-1,1.396604776E-1,6.845829785E-1
4.265234583E0,-4.974016845E-1,6.906174421E-1,-1.620996296E-1,8.663932000E-1
4.275197583E0,-7.179347277E-1,8.497927189E-1,-2.970209718E-1,1.151433626E0
4.285160583E0,-9.922839999E-1,1.224613905E0,-3.121756911E-1,1.606785740E0
4.295123583E0,-1.380751967E0,1.584593058E0,-3.573015630E-1,2.131918282E0
4.305086583E0,-1.948315263E0,1.757697463E0,-4.186972976E-1,2.657205329E0
4.315049583E0,-2.597172976E0,2.059838772E0,-4.705447555E-1,3.348082376E0
4.325012583E0,-2.928121090E0,2.069212437E0,-1.815558225E-1,3.590055117E0
4.334975583E0,-3.092767477E0,2.156539440E0,2.247956842E-1,3.777089637E0
4.344938583E0,-3.189269781E0,2.327061176E0,5.511916280E-1,3.986284945E0
4.354902583E0,-3.214445829E0,2.393781900E0,6.956461072E-1,4.067773013E0
4.364865583E0,-3.145086527E0,2.357015133E0,6.955419779E-1,3.991349176E0
4.374828583E0,-2.966628790E0,2.333857536E0,6.896190047E-1,3.837101999E0
4.384791583E0,-2.695108652E0,2.324263811E0,7.546736598E-1,3.638041402E0
4.394754583E0,-2.356233597E0,2.224474192E0,8.715856671E-1,3.355560127E0
4.404717583E0,-1.954596162E0,2.078568220E0,1.000725031E0,3.023630697E0
4.414680583E0,-1.506309986E0,2.014913321E0,1.101497889E0,2.746296244E0
4.424643583E0,-1.025082111E0,2.062613487E0,1.164167881E0,2.580785653E0
4.434606583E0,-5.353292823E-1,2.217761517E0,1.130889416E0,2.546361022E0
4.444569583E0,-7.949675620E-2,2.424739838E0,9.188288450E-1,2.594210759E0
4.454532583E0,3.177180588E-1,2.635740042E0,5.684319139E-1,2.714992665E0
4.464495583E0,6.742306352E-1,2.793183565E0,2.007543296E-1,2.880410332E0
4.474458583E0,9.971649051E-1,2.865684509E0,-9.329500049E-2,3.035653062E0
4.484421583E0,1.281743526E0,2.844155550E0,-2.121923566E-1,3.126837517E0
4.494384583E0,1.500313520E0,2.658557415E0,-1.177941561E-1,3.054953952E0
4.504347583E0,1.628720760E0,2.360649824E0,1.364149600E-1,2.871238052E0
4.514311583E0,1.671025991E0,2.172249079E0,4.785673022E-1,2.782089249E0
4.524274583E0,1.613642693E0,2.108238697E0,7.548379898E-1,2.760125637E0
4.534237583E0,1.458468199E0,2.091395855E0,8.805446029E-1,2.697484922E0
4.544200583E0,1.247154355E0,2.082452297E0,8.485629559E-1,2.571392744E0
4.554163583E0,1.031446218E0,2.068830490E0,6.793726683E-1,2.409458055E0
4.564126583E0,8.796914220E-1,2.063029289E0,5.023925900E-1,2.298335302E0
4.574089583E0,7.990266085E-1,2.057339430E0,3.735011220E-1,2.238435199E0
4.584052583E0,7.272035480E-1,1.983386993E0,3.121125996E-1,2.135430458E0
4.594015583E0,6.137826443E-1,1.864371181E0,3.425170481E-1,1.992467556E0
4.603978583E0,4.508329332E-1,1.719800591E0,4.060116112E-1,1.823680300E0
4.613941583E0,2.748904228E-1,1.541516066E0,4.955956042E-1,1.642392014E0
4.623904583E0,1.353732646E-1,1.348417878E0,6.534565687E-1,1.504513935E0
4.633867583E0,5.957308412E-2,1.191292405E0,8.200435042E-1,1.447479843E0
4.643830583E0,2.461909503E-2,1.060029507E0,9.057165980E-1,1.394486002E0
4.653793583E0,2.678839117E-2,9.380819201E-1,8.784627914E-1,1.285461856E0
4.663756583E0,7.001442462E-2,8.455154896E-1,7.594549060E-1,1.138670372E0
4.673720583E0,1.330165267E-1,7.892177701E-1,5.844777226E-1,9.910460601E-1
4.683683583E0,1.787472516E-1,7.550497055E-1,4.173312783E-1,8.810312331E-1
4.693646583E0,2.153513730E-1,6.836692095E-1,3.279958963E-1,7.882646192E-1
4.703609583E0,2.567811012E-1,5.457643270E-1,3.676578403E-1,7.063763318E-1
4.713572583E0,2.970579863E-1,3.967849314E-1,4.870108366E-1,6.948822087E-1
4.723535583E0,3.093748391E-1,2.598856688E-1,5.903604031E-1,7.153871381E-1
4.733498583E0,2.902111411E-1,1.612373590E-1,6.530646682E-1,7.326072981E-1
4.743461583E0,2.547977567E-1,9.174776822E-2,6.787684560E-1,7.307983078E-1
4.753424583E0,2.101682276E-1,5.096540973E-2,6.728684306E-1,7.067673463E-1
4.763387583E0,1.515139639E-1,6.127850339E-2,6.259166598E-1,6.469027758E-1
4.773350583E0,8.297920227E-2,1.189145744E-1,5.715073347E-1,5.896158560E-1
4.783313583E0,8.437320590E-3,2.013641745E-1,5.233315825E-1,5.607982386E-1
4.793276583E0,-7.416281849E-2,2.719231546E-1,4.689049721E-1,5.470961510E-1
4.803239583E0,-1.619488597E-1,3.156916499E-1,4.186990559E-1,5.488146776E-1
4.813202583E0,-2.514052093E-1,3.260158300E-1,3.803461492E-1,5.604945084E-1
4.823166583E0,-3.197605610E-1,3.439492881E-1,3.041685522E-1,5.595234019E-1
4.833129583E0,-3.677646220E-1,3.928106725E-1,2.167752832E-1,5.801228879E-1
4.843092583E0,-3.877023757E-1,3.970038295E-1,1.652638763E-1,5.789968234E-1
4.853055583E0,-4.008121789E-1,3.776963651E-1,1.337724179E-1,5.667450985E-1
4.863018583E0,-4.256083369E-1,3.266249001E-1,1.221881956E-1,5.502328934E-1
4.872981583E0,-4.355304539E-1,2.402410805E-1,1.533368081E-1,5.204946972E-1
4.882944583E0,-4.213152826E-1,1.624693125E-1,2.275479287E-1,5.056489936E-1
4.892907583E0,-3.613700569E-1,1.124118939E-1,3.309639096E-1,5.027542753E-1
4.902870583E0,-2.684158981E-1,7.087244093E-2,3.885012269E-1,4.774968068E-1
4.912833583E0,-1.680471599E-1,7.452092133E-3,3.751817942E-1,4.111651254E-1
4.922796583E0,-5.238713324E-2,-6.392115355E-2,3.369078934E-1,3.468966045E-1
4.932759583E0,6.923861057E-2,-8.596301079E-2,2.960909307E-1,3.159959868E-1
4.942722583E0,1.895775497E-1,-6.416556984E-2,2.419994771E-1,3.140391928E-1
4.952685583E0,2.911640406E-1,-7.614651322E-2,1.804577708E-1,3.509128055E-1
4.962649583E0,3.438844979E-1,-8.504359424E-2,1.021600366E-1,3.686809378E-1
4.972612583E0,3.562251329E-1,-6.777962297E-2,4.847609252E-2,3.658419798E-1
4.982575583E0,3.236195147E-1,-1.694280654E-2,3.820747882E-2,3.263073098E-1
4.992538583E0,2.343581021E-1,1.748226956E-2,2.893437445E-2,2.367837574E-1
5.002501583E0,1.012056321E-1,5.122452229E-2,1.618822105E-2,1.145800600E-1
5.012464583E0,-3.526115790E-2,1.167275906E-1,1.693253592E-2,1.231072314E-1
5.022427583E0,-2.833681703E-1,1.033864841E-1,1.224384606E-1,3.255417971E-1
5.032390583E0,-6.141940951E-1,1.714016311E-3,3.176989555E-1,6.914983375E-1
5.042353583E0,-7.777723670E-1,-2.576341480E-2,4.336074293E-1,8.908473557E-1
5.052316583E0,-7.497987747E-1,5.656475201E-3,4.032101333E-1,8.513569227E-1
5.062279833E0,-5.715083480E-1,5.520432070E-2,2.702451646E-1,6.345878646E-1
5.072242833E0,-3.404931724E-1,1.368292272E-1,1.035766825E-1,3.812951180E-1
5.082206833E0,-2.269562334E-1,1.332653761E-1,-4.784143530E-3,2.632331293E-1
5.092169833E0,-2.220651507E-1,1.238591969E-1,-5.456591398E-2,2.600605137E-1
5.102132833E0,-2.563456297E-1,1.442361176E-1,-4.439397156E-2,2.974692660E-1
5.112095833E0,-2.366111577E-1,2.012210190E-1,-5.548159406E-2,3.155201193E-1
5.122058833E0,-1.897086352E-1,2.436475754E-1,-8.313638717E-2,3.197892527E-1
5.132021833E0,-1.330615580E-1,2.747841179E-1,-9.707825631E-2,3.203683467E-1
5.141984833E0,-1.126817241E-1,2.570738196E-1,-5.300188065E-2,2.856454429E-1
5.151947833E0,-1.120614782E-1,2.322261184E-1,-4.166179337E-3,2.578838925E-1
5.161910833E0,-1.230899021E-1,1.880373508E-1,2.848524228E-2,2.265404562E-1
5.171873833E0,-1.055450067E-1,2.056098878E-1,-1.313996874E-2,2.314904603E-1
5.181836833E0,-1.095168442E-1,1.934640110E-1,-5.457156524E-2,2.289111584E-1
5.191799833E0,-1.409323812E-1,1.957360655E-1,-7.405374199E-2,2.523063616E-1
5.201762833E0,-1.902661175E-1,2.300418466E-1,-5.860954151E-2,3.042293954E-1
5.211726833E0,-2.366581261E-1,2.279857695E-1,-4.976386949E-2,3.323567698E-1
5.221689833E0,-2.766279280E-1,2.047776282E-1,-6.930135190E-2,3.510834159E-1
5.231652833E0,-2.923755646E-1,1.800286323E-1,-6.129395589E-2,3.487846445E-1
5.241615833E0,-3.060266376E-1,1.619521528E-1,-2.091723680E-2,3.468693320E-1
5.251578833E0,-3.382172585E-1,1.854603589E-1,3.014850989E-2,3.869048866E-1
5.261541833E0,-3.963876367E-1,2.362859845E-1,8.360373974E-2,4.689816737E-1
5.271504833E0,-1.600186229E-1,3.009070456E-1,-3.768633679E-2,3.428866719E-1
5.281467833E0,4.749781266E-2,3.259066939E-1,-9.936594963E-2,3.440128011E-1
5.291430833E0,-1.204552725E-1,3.084260523E-1,4.187611863E-2,3.337509726E-1
5.301393833E0,9.039072320E-3,3.297483623E-1,1.275312249E-2,3.301186596E-1
5.311356833E0,-9.126942605E-2,3.647281826E-1,3.347224742E-2,3.774614505E-1
5.321319833E0,-4.714350775E-2,4.048044980E-1,4.256241769E-2,4.097569417E-1
5.331283833E0,-3.300668299E-2,3.903717697E-1,1.452353224E-2,3.920337902E-1
5.341246833E0,-3.872555494E-2,4.069851041E-1,3.882487863E-2,4.106627750E-1
5.351209833E0,-4.083295912E-2,4.296807945E-1,5.201628804E-2,4.347397036E-1
5.361172833E0,7.425117306E-3,4.227672219E-1,1.243386865E-1,4.407350284E-1
5.371135833E0,8.707979321E-2,3.923606277E-1,2.379204333E-1,4.670501955E-1
5.381098833E0,1.767955571E-1,3.333652020E-1,3.148429096E-1,4.914418425E-1
5.391061833E0,2.093798071E-1,2.736561596E-1,3.487076163E-1,4.902291291E-1
5.401024833E0,2.081438303E-1,2.184688300E-1,3.126249611E-1,4.344960875E-1
5.410987833E0,1.708173901E-1,2.019736618E-1,2.241450548E-1,3.467173869E-1
5.420950833E0,9.174253047E-2,2.282537371E-1,1.157677174E-1,2.718797984E-1
5.430913833E0,1.388052758E-2,2.948963344E-1,-3.112329170E-3,2.952392313E-1
5.440877833E0,1.800961327E-3,3.553780615E-1,-3.963225707E-2,3.575856903E-1
5.450840833E0,-2.622376010E-2,3.862022758E-1,-5.319710821E-2,3.907298500E-1
5.460803833E0,-3.833315521E-2,3.672826588E-1,-7.183790207E-2,3.762003009E-1
5.470766833E0,-3.697106987E-2,3.448390663E-1,-5.079157650E-2,3.505148012E-1
5.480729833E0,-6.076007150E-3,3.312865198E-1,8.471161127E-4,3.313433169E-1
5.490692833E0,-9.272455238E-3,3.056167364E-1,7.696924731E-3,3.058542311E-1
5.500655833E0,-1.468679402E-4,2.743091583E-1,1.193428040E-2,2.745686853E-1
5.510618833E0,2.456557471E-3,2.434674799E-1,-3.230929375E-3,2.435013088E-1
5.520581833E0,7.914173417E-3,2.102274895E-1,-7.841127925E-3,2.105224804E-1
5.530544833E0,3.792343196E-3,1.739414781E-1,-2.954527736E-3,1.740078990E-1
5.540507833E0,1.371501479E-2,1.659370810E-1,-6.403854117E-3,1.666260058E-1
5.550470833E0,1.623294316E-2,1.934579313E-1,-1.175458170E-2,1.944933156E-1
5.560434833E0,1.584412158E-2,2.280899435E-1,-1.150744036E-2,2.289289840E-1
5.570397833E0,1.472866163E-2,2.499304563E-1,-1.141885761E-2,2.506243339E-1
5.580360833E0,3.247241257E-3,2.622608840E-1,-1.570202038E-2,2.627505839E-1
5.590323833E0,-1.369404700E-2,3.884180486E-1,-2.276747115E-2,3.893256544E-1
5.600286833E0,-1.804725081E-2,6.161817312E-1,-2.274057083E-2,6.168652711E-1
5.610249833E0,-8.131256700E-2,7.664964795E-1,1.687680930E-2,7.709821096E-1
5.620212833E0,-6.160118803E-2,1.012161374E0,6.572450697E-2,1.016161928E0
5.630175833E0,-3.722480685E-2,1.324147820E0,3.096991777E-2,1.325032933E0
5.640138833E0,-1.402255055E-2,1.650410056E0,9.196445346E-3,1.650495247E0
5.650101833E0,1.241990365E-2,1.991167784E0,-5.036110990E-3,1.991212887E0
5.660065833E0,7.927416824E-3,2.385228157E0,1.721394248E-3,2.385241952E0
5.670028833E0,3.092904808E-3,2.832196236E0,1.175069995E-2,2.832222301E0
5.679991833E0,-5.278741941E-3,3.311499834E0,1.662907749E-2,3.311545793E0
5.689954833E0,-1.215741970E-2,3.830119133E0,1.735774428E-2,3.830177759E0
5.699917833E0,-4.239228740E-2,4.379455090E0,3.096915968E-2,4.379769752E0
5.709880833E0,-6.822507083E-2,4.970774651E0,5.094495788E-2,4.971503865E0
5.719843833E0,-1.161217541E-1,5.603053093E0,6.217364222E-2,5.604601126E0
5.729806833E0,-2.679528296E-1,6.230527878E0,8.665009588E-2,6.236889016E0
5.739769833E0,-3.263752908E-2,6.896075249E0,1.821963862E-2,6.896176549E0
5.749732833E0,-3.749720007E-2,7.603757381E0,1.818133704E-2,7.603871574E0
5.759695833E0,-1.753109843E-1,8.253088951E0,5.498728901E-2,8.255133844E0
5.769659833E0,-1.194989160E-1,8.880875587E0,5.003327504E-2,8.881820451E0
5.779622833E0,-1.048712432E-1,9.540040016E0,3.255308419E-2,9.540671947E0
5.789585833E0,-1.089186296E-1,1.018473816E1,5.073162727E-3,1.018532181E1
5.799548833E0,-3.775431542E-3,1.082534218E1,2.796383202E-2,1.082537895E1
5.809511833E0,-3.515252378E-3,1.144540882E1,5.180308223E-2,1.144552659E1
5.819474833E0,-2.326323241E-1,1.206498623E1,-2.464988269E-2,1.206725396E1
5.829437833E0,3.489118535E-3,1.271366405E1,1.122272089E-1,1.271415986E1
5.839400833E0,8.143318444E-2,1.330169296E1,1.802616566E-1,1.330316358E1
5.849363833E0,-1.464903057E-1,1.391558170E1,-1.827672496E-2,1.391636474E1
5.859326833E0,-1.842414141E-1,1.452108860E1,-5.910058692E-2,1.452237763E1
5.869290833E0,-1.811265945E-1,1.504007339E1,-1.048340276E-2,1.504116766E1
5.879253833E0,-2.078114748E-1,1.556253338E1,2.276136912E-2,1.556393745E1
5.889216833E0,-2.165512443E-1,1.611005592E1,-1.234153844E-2,1.611151602E1
5.899179833E0,-2.016242146E-1,1.663890076E1,9.915116429E-2,1.664041771E1
5.909142833E0,-2.343580574E-1,1.716004944E1,1.748274565E-1,1.716254017E1
5.919105833E0,-2.188376933E-1,1.768197060E1,1.317018270E-1,1.768381518E1
5.929068833E0,-3.272471428E-1,1.817922783E1,2.911957502E-1,1.818450467E1
5.939031833E0,-5.039172173E-1,1.867684937E1,4.132875502E-1,1.868821665E1
5.948994833E0,-3.407691419E-1,1.918655396E1,2.389894277E-1,1.919106803E1
5.958957833E0,-1.482872963E-1,1.965782738E1,1.084354073E-1,1.965868573E1
5.968921833E0,-2.019756883E-1,2.006558037E1,1.212825701E-1,2.006696338E1
5.978884833E0,-2.028928846E-1,2.054708290E1,1.262344420E-1,2.054847236E1
5.988847833E0,-9.835809469E-3,2.115467834E1,1.326077580E-1,2.115509625E1
5.998810833E0,-1.012701169E-1,2.174742126E1,7.818739116E-2,2.174779760E1
6.008773833E0,-3.259190619E-1,2.203060913E1,-9.794326127E-2,2.203323750E1
6.018736833E0,-1.500726864E-2,2.263128090E1,-8.132407069E-2,2.263143199E1
6.028699833E0,-2.360744029E-1,2.328333092E1,-4.046790898E-1,2.328804403E1
6.038662833E0,-7.819715142E-2,2.414629173E1,-9.545732290E-2,2.414660704E1
6.048625833E0,-1.627613008E-1,2.496206093E1,9.289650619E-2,2.496276441E1
6.058589833E0,-3.030340075E-1,2.592067146E1,2.003241628E-1,2.592321678E1
6.068552583E0,-5.471841097E-1,2.671491432E1,4.249166548E-1,2.672389590E1
6.078515583E0,-6.365997195E-1,2.734514046E1,2.682425976E-1,2.735386481E1
6.088478583E0,-6.829209924E-1,2.800405502E1,1.848025918E-1,2.801299039E1
6.098441583E0,-7.029170394E-1,2.870320892E1,1.429622024E-1,2.871217047E1
6.108404583E0,-1.444678605E-1,2.937160301E1,3.171181679E-2,2.937197542E1
6.118367583E0,2.186522931E-1,2.972212601E1,-9.877702221E-3,2.972293190E1
6.128330583E0,-6.717412919E-2,2.977359772E1,-1.748495698E-1,2.977418690E1
6.138293583E0,-9.592028707E-2,2.976858521E1,-2.886751890E-1,2.977013939E1
6.148256583E0,-1.050636619E-1,2.976772308E1,-4.066716433E-1,2.977068622E1
6.158220583E0,-7.657156885E-2,2.897883606E1,-6.131201386E-1,2.898542252E1
6.168183583E0,-1.154081672E-1,2.755539513E1,-8.192262650E-1,2.756781187E1
6.178146583E0,-2.838757336E-1,3.552018738E1,-4.566035569E-1,3.552425627E1
6.188109583E0,-2.755949199E-1,2.793917847E1,-6.023705006E-1,2.794703019E1
6.198072583E0,-3.499293327E-1,2.811820412E1,-6.549916267E-1,2.812800859E1
6.208035583E0,-4.581507444E-1,2.794835854E1,-7.357236743E-1,2.796179422E1
6.217998583E0,-4.342382252E-1,2.779217148E1,-9.868155122E-1,2.781307540E1
6.227961583E0,-6.049408317E-1,2.596123314E1,-1.738411188E0,2.602640300E1
6.237924583E0,-4.186825752E-1,2.023423386E1,-1.938168526E0,2.033115865E1
6.247888583E0,5.853599906E-1,1.495631313E1,-1.313028574E0,1.502524519E1
6.257851583E0,1.545537949E0,9.457567215E0,5.294641852E-1,9.597634995E0
6.267814583E0,2.924071074E0,1.412338972E0,-6.658958197E-1,3.314862027E0
6.277777583E0,2.684561253E0,-2.359941006E0,-3.389490843E-1,3.590414621E0
6.287740583E0,1.736936331E0,-1.939269423E0,7.389751673E-1,2.706251653E0
6.297703583E0,6.053525209E-1,-1.007429004E0,1.142359257E0,1.639008708E0
6.307666583E0,2.267690748E-1,-2.833440006E-1,8.365080357E-1,9.118408467E-1
6.317629583E0,5.713238120E-1,6.202911586E-2,1.055379733E-1,5.842916850E-1
6.327592583E0,9.534190297E-1,8.339611888E-1,-5.461635590E-1,1.379417900E0
6.337556583E0,6.078763008E-1,1.884996772E0,-7.476258874E-1,2.116995724E0
6.347519583E0,-4.186006784E-1,3.102898836E0,-6.794037223E-1,3.203872209E0
6.357482583E0,-1.748873591E0,4.281090260E0,-3.379739821E-1,4.636865219E0
6.367445583E0,-2.946269751E0,5.029447556E0,-6.562349945E-2,5.829249918E0
6.377408583E0,-3.719292641E0,5.252833366E0,-2.210967243E-1,6.440052786E0
6.387371583E0,-3.988749981E0,5.066786289E0,-6.275409460E-1,6.478908654E0
6.397334583E0,-3.832625866E0,4.660727501E0,-9.355509281E-1,6.106280161E0
6.407297583E0,-3.368182421E0,4.245904446E0,-9.298695922E-1,5.498819404E0
6.417261583E0,-2.700109720E0,3.939505816E0,-7.223536968E-1,4.830330572E0
6.427224583E0,-1.956897736E0,3.639484882E0,-5.603405237E-1,4.170045618E0
6.437187583E0,-1.222022414E0,3.335185528E0,-5.949246287E-1,3.601490886E0
6.447150583E0,-5.664697289E-1,3.138555527E0,-7.608464360E-1,3.278765934E0
6.457113583E0,-6.787459552E-2,3.032802582E0,-9.530749917E-1,3.179756343E0
6.467076583E0,2.416932583E-1,2.956550121E0,-1.112020135E0,3.167995112E0
6.477039583E0,3.233579993E-1,2.848369837E0,-1.229973674E0,3.119391986E0
6.487002583E0,1.933966875E-1,2.713755131E0,-1.326628685E0,3.026848668E0
6.496965583E0,-6.077274308E-2,2.592710733E0,-1.404292822E0,2.949216947E0
6.506929583E0,-3.112367392E-1,2.466653824E0,-1.388125300E0,2.847479806E0
6.516892583E0,-4.471695423E-1,2.310242891E0,-1.258453369E0,2.668499147E0
6.526855583E0,-4.230444729E-1,2.277316809E0,-1.088980198E0,2.559495330E0
6.536818583E0,-2.278987020E-1,2.335824966E0,-8.356528878E-1,2.491251059E0
6.546781583E0,3.134572506E-2,2.357630014E0,-5.893383622E-1,2.430374775E0
6.556744583E0,2.282814234E-1,2.350374699E0,-4.833959341E-1,2.410403547E0
6.566707583E0,2.899684310E-1,2.240842819E0,-5.129745007E-1,2.317024184E0
6.576670583E0,2.306529284E-1,2.074695349E0,-6.210066676E-1,2.177891376E0
6.586633583E0,9.421864152E-2,1.892865539E0,-7.282076478E-1,2.030296401E0
6.596597583E0,-2.235138044E-2,1.724258423E0,-7.787539363E-1,1.892095237E0
6.606560583E0,-6.894796155E-3,1.579354525E0,-7.512028813E-1,1.748917957E0
6.616523583E0,1.606084406E-1,1.433089137E0,-6.851847172E-1,1.596564325E0
6.626486583E0,3.887697756E-1,1.285481215E0,-6.459416151E-1,1.490249798E0
6.636449583E0,5.682854652E-1,1.136921883E0,-6.655725837E-1,1.434756635E0
6.646412583E0,6.088718176E-1,1.029009342E0,-7.225829959E-1,1.397036615E0
6.656375583E0,5.031629801E-1,9.714297056E-1,-7.250429392E-1,1.312454160E0
6.666338583E0,3.367987871E-1,9.085738659E-1,-6.678159833E-1,1.176825425E0
6.676302583E0,2.098914534E-1,8.390536308E-1,-5.753417015E-1,1.038789435E0
6.686265583E0,1.779090017E-1,8.180838823E-1,-4.231963456E-1,9.380874151E-1
6.696228583E0,2.283940166E-1,8.239574432E-1,-2.427786291E-1,8.888257185E-1
6.706191583E0,3.359312117E-1,7.578340173E-1,-4.295631871E-2,8.300647096E-1
6.716154583E0,4.739298224E-1,7.339473367E-1,1.130697653E-1,8.809500221E-1
6.726117583E0,5.899114013E-1,6.918976903E-1,1.302895248E-1,9.185277543E-1
6.736080583E0,6.040728092E-1,6.827968955E-1,3.778835014E-2,9.124382274E-1
6.746043583E0,4.966384470E-1,6.980251670E-1,-4.133374244E-2,8.576697261E-1
6.756007583E0,2.949167788E-1,5.957872272E-1,-9.460415691E-2,6.714821464E-1
6.765970583E0,5.489246920E-2,3.895525634E-1,-7.430660725E-2,4.003571590E-1
6.775933583E0,-7.151633501E-2,1.805682033E-1,1.498226076E-2,1.947920182E-1
6.785896583E0,-9.362401813E-2,1.604831964E-1,2.167645842E-1,2.854946550E-1
6.795859583E0,3.899474069E-2,2.071931809E-1,5.038152933E-1,5.461496625E-1
6.805822583E0,2.971149683E-1,4.070871472E-1,7.947407365E-1,9.410685884E-1
6.815785583E0,5.828807354E-1,7.659581900E-1,1.010791421E0,1.395758287E0
6.825748583E0,6.471978426E-1,1.119985461E0,1.211656690E0,1.772383823E0
6.835712583E0,3.665121198E-1,1.130400300E0,1.376369119E0,1.818386076E0
6.845675583E0,-1.190382764E-1,8.704552054E-1,1.342083454E0,1.604073057E0
6.855638583E0,-6.216268539E-1,4.361056089E-1,1.015114427E0,1.267700811E0
6.865601583E0,-9.903929830E-1,-6.150035188E-2,4.874620140E-1,1.105567623E0
6.875564583E0,-1.150800228E0,-4.389275312E-1,-9.823207557E-2,1.235576013E0
6.885527583E0,-1.117541790E0,-6.447014213E-1,-6.158137321E-1,1.429603486E0
6.895490583E0,-1.325354099E0,-1.045397282E0,-1.196305394E0,2.068952769E0
6.905453583E0,-1.531689525E0,-1.336065650E0,-1.599786997E0,2.586592866E0
6.915417583E0,-1.369502425E0,-7.881399393E-1,-1.628695130E0,2.269217769E0
6.925380583E0,-1.529172182E0,3.163397610E-1,-1.020217180E0,1.865283223E0
6.935343583E0,-2.079288960E0,1.133280993E0,2.739799619E-1,2.383869419E0
6.945306583E0,-2.263350248E0,1.124779701E0,1.004726410E0,2.719808611E0
6.955269583E0,-1.759746671E0,1.105714917E0,9.773494005E-1,2.296633552E0
6.965232583E0,-8.953106403E-1,8.351084590E-1,3.429230452E-1,1.271449368E0
6.975195583E0,-3.609212339E-1,7.122347355E-1,-3.221276700E-1,8.609928521E-1
6.985158583E0,-4.928542078E-1,6.156817675E-1,-7.531007528E-1,1.090472399E0
6.995122583E0,-9.999939203E-1,6.740276217E-1,-8.417722583E-1,1.470673863E0
7.005085583E0,-1.438915730E0,6.193727255E-1,-6.196607351E-1,1.684660345E0
7.015048583E0,-1.696094036E0,1.087246776E0,-2.265842855E-1,2.027358125E0
7.025011583E0,-1.664509654E0,1.752110004E0,-1.422463264E-2,2.416750752E0
7.034974583E0,-1.494742274E0,1.994054675E0,-1.478013247E-1,2.496468254E0
7.044937583E0,-1.276673317E0,2.209911108E0,-3.884020150E-1,2.581561153E0
7.054900583E0,-1.089457393E0,2.438441753E0,-5.250080824E-1,2.721865001E0
7.064863708E0,-9.249019027E-1,2.593312502E0,-4.932976961E-1,2.797151387E0
7.074827708E0,-7.272924185E-1,2.632710934E0,-2.607294321E-1,2.743738500E0
7.084790708E0,-4.846110046E-1,2.522637844E0,5.640354007E-2,2.569383365E0
7.094753708E0,-2.205916196E-1,2.320424080E0,3.431935012E-1,2.356015779E0
7.104716708E0,4.446164705E-3,2.129080772E0,5.621384978E-1,2.202045502E0
7.114679708E0,1.703078300E-1,1.880490184E0,7.355976701E-1,2.026413586E0
7.124642708E0,2.972378433E-1,1.636771917E0,9.034906030E-1,1.893057821E0
7.134605708E0,4.026854634E-1,1.499794006E0,1.073454142E0,1.887813931E0
7.144569708E0,4.595735669E-1,1.513716102E0,1.245060563E0,2.013136882E0
7.154532708E0,4.549529850E-1,1.707488775E0,1.343598366E0,2.219855109E0
7.164495708E0,4.076077044E-1,1.995590448E0,1.264611125E0,2.397450015E0
7.174458708E0,3.341651857E-1,2.283738136E0,1.008223295E0,2.518658464E0
7.184421708E0,2.636380792E-1,2.529094219E0,6.709708571E-1,2.629833549E0
7.194384708E0,2.197409421E-1,2.694024086E0,3.917905688E-1,2.731217990E0
7.204347708E0,2.080007792E-1,2.760654449E0,3.085848689E-1,2.785624155E0
7.214310708E0,1.946631372E-1,2.749304056E0,3.433231413E-1,2.777487589E0
7.224274708E0,1.371107101E-1,2.632735491E0,3.944989443E-1,2.665656566E0
7.234237708E0,4.333734512E-2,2.393261194E0,4.956026673E-1,2.444422073E0
7.244200708E0,-6.989494711E-2,2.133898497E0,6.399846673E-1,2.228898488E0
7.254163708E0,-1.772749275E-1,1.955224037E0,7.602469325E-1,2.105303502E0
7.264126708E0,-2.565893531E-1,1.842460871E0,8.377051353E-1,2.040159320E0
7.274089708E0,-2.854771912E-1,1.747415543E0,8.517631888E-1,1.964805037E0
7.284052708E0,-2.387214899E-1,1.703787923E0,8.120807409E-1,1.902460608E0
7.294016708E0,-1.224034056E-1,1.657557845E0,7.374248505E-1,1.818316808E0
7.303979708E0,2.775529027E-2,1.622441173E0,6.570717096E-1,1.750665287E0
7.313942708E0,1.709971279E-1,1.543282747E0,6.051632762E-1,1.666488598E0
7.323905708E0,2.438994348E-1,1.381067634E0,6.334103942E-1,1.538844849E0
7.333868708E0,2.193514854E-1,1.204221487E0,7.623002529E-1,1.442000742E0
7.343831708E0,1.106912717E-1,1.051854253E0,9.081164598E-1,1.394032077E0
7.353794708E0,-5.575763434E-2,9.693815112E-1,9.920063019E-1,1.388123169E0
7.363758708E0,-2.337423563E-1,9.182394743E-1,9.727353454E-1,1.357944503E0
7.373721708E0,-3.777685165E-1,8.414911628E-1,8.885991573E-1,1.280790729E0
7.383684708E0,-4.315921068E-1,7.694076300E-1,7.733038664E-1,1.173140536E0
7.393647708E0,-3.802492917E-1,7.309710383E-1,6.513377428E-1,1.050309020E0
7.403610708E0,-2.617480159E-1,6.590030193E-1,5.905793309E-1,9.228114376E-1
7.413573708E0,-1.053357720E-1,5.655788183E-1,6.001384854E-1,8.313490400E-1
7.423536708E0,4.709094018E-2,5.097887516E-1,6.164138913E-1,8.012915907E-1
7.433500708E0,1.473336518E-1,4.675776660E-1,5.866898298E-1,7.645528335E-1
7.443463708E0,1.647054255E-1,4.320648909E-1,5.221614838E-1,6.974672481E-1
7.453426708E0,9.549094737E-2,4.127559066E-1,4.446853399E-1,6.141913472E-1
7.463389708E0,-4.342409596E-2,4.072056711E-1,3.411542475E-1,5.329993727E-1
7.473352708E0,-2.140179425E-1,3.709070683E-1,2.693597078E-1,5.058956268E-1
7.483315708E0,-3.535193801E-1,3.079829216E-1,2.758293152E-1,5.439772451E-1
7.493278708E0,-4.293896258E-1,2.561615109E-1,3.119508326E-1,5.893280007E-1
7.503242708E0,-4.527474046E-1,2.245891690E-1,3.211179376E-1,5.987797901E-1
7.513205708E0,-4.405711591E-1,1.986257434E-1,2.878827453E-1,5.625225393E-1
7.523168708E0,-4.155430198E-1,1.773883998E-1,2.333267629E-1,5.085115770E-1
7.533131708E0,-4.022551775E-1,1.606198102E-1,1.687650830E-1,4.648543906E-1
7.543094708E0,-4.121939242E-1,1.625192910E-1,9.585547447E-2,4.533261774E-1
7.553057708E0,-4.520281553E-1,1.916191280E-1,3.116303310E-2,4.919537357E-1
7.563020708E0,-4.974706471E-1,2.034997940E-1,1.073441282E-2,5.375913304E-1
7.572983708E0,-5.143385530E-1,1.963670403E-1,3.584083170E-2,5.517143525E-1
7.582947708E0,-4.909506440E-1,2.019107342E-1,9.093509614E-2,5.385811649E-1
7.592910708E0,-4.343105257E-1,2.180263251E-1,1.309458911E-1,5.032970669E-1
7.602873708E0,-3.582652509E-1,2.125105411E-1,1.397032440E-1,4.393537487E-1
7.612836708E0,-2.688131332E-1,1.963472813E-1,1.632847488E-1,3.707757606E-1
7.622799708E0,-1.940303594E-1,1.632629484E-1,2.176764905E-1,3.341939934E-1
7.632762708E0,-1.363947541E-1,9.750711173E-2,2.638591528E-1,3.126224852E-1
7.642726708E0,-1.043811142E-1,2.486337349E-2,2.992177606E-1,3.178755615E-1
7.652689708E0,-9.968143702E-2,-1.070340909E-2,3.281527460E-1,3.431255988E-1
7.662652708E0,-1.126545668E-1,-3.252912313E-2,3.287782669E-1,3.490620920E-1
7.672615708E0,-1.327076256E-1,-7.731896639E-2,2.782570422E-1,3.178309582E-1
7.682578708E0,-1.502419412E-1,-9.146250039E-2,1.894338727E-1,2.585018801E-1
7.692541708E0,-1.722449809E-1,-3.579577059E-2,1.024161354E-1,2.035650644E-1
7.702504708E0,-1.951810271E-1,2.131271362E-2,5.449365079E-2,2.037631543E-1
7.712468708E0,-2.110571861E-1,9.616058320E-2,3.661052510E-2,2.348027345E-1
7.722431708E0,-2.183073014E-1,1.733622700E-1,1.417264063E-2,2.791297516E-1
7.732394708E0,-2.140928507E-1,2.347902060E-1,-2.954421379E-2,3.191160449E-1
7.742357708E0,-1.914692670E-1,2.640385032E-1,-8.141285181E-2,3.361619607E-1
7.752320708E0,-1.569032967E-1,2.749020755E-1,-9.053257853E-2,3.292202051E-1
7.762283708E0,-1.224674955E-1,2.770938873E-1,-7.592769712E-2,3.123208687E-1
7.772246708E0,-9.684868902E-2,2.595433891E-1,-3.573287278E-2,2.793193111E-1
7.782210708E0,-3.508429527E-1,6.252958626E-2,1.547496766E-1,3.885205130E-1
7.792173708E0,-5.160468221E-1,-4.908988997E-2,2.338993549E-1,5.687029524E-1
7.802136708E0,-6.290625334E-1,-1.090446189E-1,2.412883788E-1,6.825177518E-1
7.812099708E0,-5.592730641E-1,-9.338603169E-2,1.934833080E-1,5.991186040E-1
7.822062708E0,-3.567438126E-1,-1.663595065E-2,9.373161197E-2,3.692269190E-1
7.832025708E0,-3.881219029E-2,7.784315199E-2,-4.360920563E-2,9.730213380E-2
7.841988708E0,1.591552198E-1,1.098567471E-1,-7.387603074E-2,2.070182523E-1
7.851952708E0,2.298113890E-2,1.042332128E-1,3.681586310E-2,1.129074983E-1
7.861915708E0,-3.435032815E-2,6.016881764E-2,4.977453873E-2,8.530964990E-2
7.871878708E0,6.241669506E-2,4.923254624E-2,6.334384903E-3,7.974842860E-2
7.881841708E0,3.541116044E-2,4.655298963E-2,6.416310370E-2,8.682185787E-2
7.891804708E0,5.564186350E-2,4.314988386E-3,7.640539110E-2,9.461722828E-2
7.901767708E0,8.528895676E-2,-2.472889237E-2,7.122188061E-2,1.138344436E-1
7.911731708E0,4.611678421E-2,-1.407891139E-2,7.442832738E-2,8.868229502E-2
7.921694708E0,3.900803998E-2,-2.283472382E-2,6.121494621E-2,7.609416163E-2
7.931657708E0,5.288017914E-2,-4.388434812E-2,9.848002344E-2,1.200852379E-1
7.941620708E0,7.539471239E-2,-6.334568560E-2,1.864149719E-1,2.108259479E-1
7.951583708E0,1.078748927E-1,-9.009048343E-2,2.908215523E-1,3.230022646E-1
7.961546708E0,1.595272720E-1,-1.202749908E-1,3.771220446E-1,4.267740156E-1
7.971509708E0,1.980379075E-1,-1.405981034E-1,3.756037652E-1,4.472862930E-1
7.981473708E0,1.518082321E-1,-1.159512326E-1,2.940587401E-1,3.506579107E-1
7.991436708E0,8.510110527E-2,-7.892024517E-2,1.446069181E-1,1.854232024E-1
8.001399708E0,1.372083277E-2,-5.968528613E-2,-6.622008048E-3,6.159907161E-2
8.011362708E0,-1.844278770E-3,-6.535835564E-2,-4.320798069E-2,7.837120397E-2
8.021325708E0,1.096125599E-2,-1.133829653E-1,-1.321968436E-2,1.146760917E-1
8.031288708E0,1.865166612E-2,-1.239881963E-1,2.366323210E-2,1.275966536E-1
8.041252708E0,2.624923922E-2,-9.258092940E-2,6.658509374E-2,1.170206211E-1
8.051215708E0,3.092921339E-2,-7.116165757E-2,1.069141328E-1,1.321031020E-1
8.061178708E0,3.115969338E-2,-5.718432739E-2,1.187792122E-1,1.354602342E-1
8.071142083E0,2.244689688E-2,-3.974168748E-2,9.694555402E-2,1.071527197E-1
8.081105083E0,7.973784581E-3,-4.216241837E-2,7.732120901E-2,8.842974684E-2
8.091068083E0,5.206493661E-3,-3.645100445E-2,6.761532277E-2,7.699100710E-2
8.101031083E0,1.911599375E-2,-1.328065805E-2,9.148127586E-2,9.439608534E-2
8.110995083E0,4.839372262E-2,2.518012654E-3,1.493605524E-1,1.570250534E-1
8.120958083E0,9.251749516E-2,1.409781910E-2,2.298863232E-1,2.482054734E-1
8.130921083E0,1.313082874E-1,1.486161351E-2,2.889496386E-1,3.177335795E-1
8.140884083E0,1.436911523E-1,5.519649945E-3,3.089445233E-1,3.407702045E-1
8.150847083E0,1.238242537E-1,-3.061411902E-2,2.837097347E-1,3.110641150E-1
8.160810083E0,8.190954477E-2,-8.396431059E-2,2.314417660E-1,2.594695937E-1
8.170774083E0,6.117869541E-2,-4.504194483E-2,1.754240394E-1,1.911679972E-1
8.180737083E0,1.659376360E-2,6.407698989E-2,1.230608895E-1,1.397325880E-1
8.190700083E0,-1.933760568E-2,2.249034196E-1,4.829610139E-2,2.308419471E-1
8.200663083E0,5.664811283E-2,5.974906683E-1,-1.703402400E-2,6.004117465E-1
8.210626083E0,5.507657677E-2,8.437843323E-1,3.080779873E-2,8.461409748E-1
8.220589083E0,2.519648336E-2,1.078315496E0,7.050340623E-2,1.080911607E0
8.230552083E0,1.098155007E-1,1.436204672E0,8.401814848E-2,1.442845228E0
8.240516083E0,6.293608993E-2,1.870067835E0,1.393116415E-1,1.876305517E0
8.250479083E0,1.423696578E-1,2.388686657E0,1.421228796E-1,2.397142461E0
8.260442083E0,1.740054935E-1,2.958264112E0,1.673929244E-1,2.968101222E0
8.270405083E0,1.585647613E-1,3.549983978E0,2.185008526E-1,3.560234775E0
8.280368083E0,1.175586283E-1,4.131974697E0,2.755269110E-1,4.142819089E0
8.290331083E0,1.045538858E-1,4.697509766E0,3.200528324E-1,4.709560842E0
8.300295083E0,5.699082743E-3,5.259652138E0,3.725177050E-1,5.272830599E0
8.310258083E0,-2.019787431E-1,5.846957207E0,4.076264501E-1,5.864628148E0
8.320221083E0,-5.219708011E-2,6.520976067E0,3.917013109E-1,6.532938337E0
8.330184083E0,-4.061499238E-2,7.181095123E0,3.995517790E-1,7.192316621E0
8.340147083E0,-2.260624617E-1,7.864959240E0,4.206704795E-1,7.879444888E0
8.350110083E0,-1.234292910E-1,8.496603012E0,4.314469695E-1,8.508445453E0
8.360074083E0,-3.229784966E-2,9.141386032E0,4.445829391E-1,9.152247578E0
8.370037083E0,1.442518272E-2,9.710055351E0,4.622136056E-1,9.721060869E0
8.380000083E0,8.064242452E-2,1.026613903E1,5.135290623E-1,1.027929112E1
8.389963083E0,2.056916803E-1,1.084396267E1,6.041950583E-1,1.086272927E1
8.399926083E0,1.114033163E-1,1.141654301E1,6.127785444E-1,1.143351925E1
8.409889083E0,1.343227476E-1,1.200505447E1,6.774454117E-1,1.202490365E1
8.419853083E0,1.047443300E-1,1.262303066E1,7.265536189E-1,1.264435663E1
8.429816083E0,2.823766172E-1,1.313875961E1,1.061338067E0,1.318458112E1
8.439779083E0,2.221101373E-1,1.362398529E1,1.170534015E0,1.367598106E1
8.449742083E0,6.915521622E-2,1.416134930E1,1.057160020E0,1.420092193E1
8.459705083E0,-2.918338962E-2,1.480338478E1,1.053324342E0,1.484084043E1
8.469668083E0,-1.366297007E-1,1.530588818E1,1.105698586E0,1.534638231E1
8.479631083E0,-2.209878266E-1,1.575652409E1,1.129070878E0,1.579847106E1
8.489595083E0,-3.475074172E-1,1.618818283E1,1.270546198E0,1.624168441E1
8.499558083E0,-4.155758917E-1,1.664363861E1,1.188102603E0,1.669116525E1
8.509521083E0,-5.375433564E-1,1.710561752E1,1.189600348E0,1.715535639E1
8.519484083E0,-6.655937433E-1,1.752661514E1,1.277243853E0,1.758569320E1
8.529447083E0,-7.804628015E-1,1.799106216E1,1.347246647E0,1.805830871E1
8.539410083E0,-7.789145708E-1,1.850055695E1,1.275300145E0,1.856081102E1
8.549374083E0,-7.460498810E-1,1.892450905E1,1.244096398E0,1.898002658E1
8.559337083E0,-8.230793476E-1,1.931093979E1,1.308783412E0,1.937273262E1
8.569300083E0,-1.000348687E0,1.970245743E1,1.393083334E0,1.977696153E1
8.579263083E0,-1.233119845E0,2.010627937E1,1.447196722E0,2.019597567E1
8.589226083E0,-1.404529691E0,2.068215370E1,1.546035171E0,2.078736179E1
8.599189083E0,-1.416777134E0,2.121492767E1,1.794658422E0,2.133778837E1
8.609153083E0,-1.348459005E0,2.181747246E1,2.003050566E0,2.195068695E1
8.619116083E0,-9.901081324E-1,2.243167496E1,2.888192654E0,2.263850729E1
8.629079083E0,-1.101966739E0,2.318212318E1,3.903150320E0,2.353422504E1
8.639042083E0,-1.826262236E0,2.360909843E1,4.491905212E0,2.410190812E1
8.649005083E0,-2.738554239E0,2.381758308E1,4.850741386E0,2.446030734E1
8.658968083E0,-3.734101295E0,2.399847794E1,4.938999176E0,2.478435330E1
8.668932083E0,-3.790404320E0,2.489759445E1,3.948921680E0,2.549218227E1
8.678895083E0,-2.678228140E0,2.659492493E1,2.651063442E0,2.686058591E1
8.688858083E0,-1.074758291E0,2.785967636E1,1.775453210E0,2.793687360E1
8.698821083E0,-7.653770447E-1,2.824803925E1,1.521561146E0,2.829934048E1
8.708784083E0,-9.968251586E-1,2.836811066E1,1.415534377E0,2.842089197E1
8.718747083E0,-1.453115344E0,2.833704758E1,1.236666083E0,2.840121745E1
8.728711083E0,-1.916555166E0,2.831171417E1,1.017388105E0,2.839474285E1
8.738674083E0,-2.334610701E0,2.826722717E1,7.895891070E-1,2.837446017E1
8.748637083E0,-3.092811346E0,2.687636185E1,2.659985065E0,2.718418343E1
8.758600083E0,-5.338662624E0,2.626835632E1,3.320210934E0,2.701021405E1
8.768563083E0,-5.229154110E0,2.842707253E1,1.983020544E0,2.897196706E1
8.778526083E0,-4.314863682E0,2.365858841E1,1.072413564E0,2.407274236E1
8.788490083E0,-5.084970951E0,2.406736565E1,5.280355811E-1,2.460434596E1
8.798453083E0,-6.112827778E0,2.402324295E1,7.845578343E-2,2.478888906E1
8.808416083E0,-6.165470600E0,2.402549744E1,-4.022490382E-1,2.480724408E1
8.818379083E0,-6.146165371E0,2.377282143E1,-9.204202294E-1,2.457172279E1
8.828342083E0,-5.548699856E0,2.189150810E1,-1.696315408E0,2.264737696E1
8.838305083E0,-4.319085121E0,1.883573341E1,-2.983695269E0,1.955356200E1
8.848269083E0,-3.153518200E0,1.517078686E1,-3.449839354E0,1.587447141E1
8.858232083E0,1.807169914E0,6.936297417E0,-3.421793461E0,7.942717132E0
8.868195083E0,5.393442631E0,5.562890053E0,-3.672653198E0,8.574575830E0
8.878158083E0,6.196483612E0,3.151257038E0,-1.470577598E0,7.105591358E0
8.888121083E0,4.621773720E0,8.159046620E-2,1.634503126E0,4.902963368E0
8.898085083E0,2.005371809E0,-1.583028078E0,3.430542707E0,4.277396084E0
8.908048083E0,7.174392939E-1,-2.165875196E0,2.913014174E0,3.700187304E0
8.918011083E0,-6.853250414E-2,-1.030949116E0,1.090708017E0,1.502397006E0
8.927974083E0,-6.009902358E-1,9.675256014E-1,-8.603551984E-1,1.427412386E0
8.937937083E0,-2.724276483E-1,1.582132697E0,-1.104770780E0,1.948814812E0
8.947900083E0,-7.752985358E-1,2.569502831E0,-4.234061241E-1,2.717113424E0
8.957864083E0,-1.984127641E0,4.135458469E0,6.431134343E-1,4.631670772E0
8.967827083E0,-2.790706635E0,6.173022747E0,1.796698451E0,7.008735883E0
8.977790083E0,-3.378518820E0,7.976753235E0,2.446766376E0,9.001646921E0
8.987753083E0,-4.037405491E0,8.844641685E0,2.455515146E0,1.002785542E1
8.997716083E0,-4.753437042E0,8.994062424E0,1.901299477E0,1.034907060E1
9.007679083E0,-5.120821476E0,8.609536171E0,1.058362126E0,1.007308573E1
9.017643083E0,-4.853743553E0,7.694491386E0,1.650380641E-1,9.098970367E0
9.027606083E0,-4.135556698E0,6.732172966E0,-7.640826702E-1,7.937808537E0
9.037569083E0,-3.205786705E0,5.936518669E0,-1.608263493E0,6.935836919E0
9.047532083E0,-2.268489599E0,5.374470711E0,-2.438286304E0,6.322675113E0
9.057495083E0,-1.582222342E0,5.043346882E0,-3.097730160E0,6.126557553E0
9.067458208E0,-1.215630770E0,4.807900906E0,-3.281085253E0,5.946359367E0
9.077422208E0,-1.104041576E0,4.542099476E0,-2.896407843E0,5.498977527E0
9.087385208E0,-1.159531951E0,4.407093525E0,-2.134968281E0,5.032402731E0
9.097348208E0,-1.165363908E0,4.328289509E0,-1.373260021E0,4.688070626E0
9.107311208E0,-1.009122968E0,4.248512268E0,-1.030470133E0,4.486652912E0
9.117274208E0,-7.304872870E-1,4.173189163E0,-1.129273057E0,4.384561222E0
9.127238208E0,-4.278839827E-1,4.004209042E0,-1.353028059E0,4.248230182E0
9.137201208E0,-1.574675143E-1,3.811033249E0,-1.536106706E0,4.111981791E0
9.147164208E0,6.110210344E-2,3.593467236E0,-1.676347733E0,3.965713298E0
9.157127208E0,2.305730134E-1,3.361061335E0,-1.843544245E0,3.840384433E0
9.167090208E0,3.460348845E-1,3.054767132E0,-1.989119530E0,3.661685251E0
9.177053208E0,4.171022773E-1,2.697875023E0,-2.069208860E0,3.425511532E0
9.187017208E0,4.469440579E-1,2.398138046E0,-2.095895052E0,3.216146941E0
9.196980208E0,4.226588309E-1,2.130959511E0,-2.032062054E0,2.974710929E0
9.206943208E0,3.769310117E-1,1.947036743E0,-1.897804618E0,2.744939241E0
9.216906208E0,3.227578402E-1,1.861688018E0,-1.676012158E0,2.525682414E0
9.226869208E0,2.791014314E-1,1.772694588E0,-1.348500371E0,2.244726478E0
9.236833208E0,2.702844143E-1,1.695327640E0,-1.074596047E0,2.025326180E0
9.246796208E0,2.887409329E-1,1.663091183E0,-9.773179293E-1,1.950485566E0
9.256759208E0,3.008277118E-1,1.664317131E0,-9.833834171E-1,1.956397651E0
9.266722208E0,2.591660023E-1,1.668262720E0,-9.827202559E-1,1.953460166E0
9.276685208E0,1.809864491E-1,1.648654580E0,-9.150211811E-1,1.894223266E0
9.286648208E0,9.079504013E-2,1.598860741E0,-7.867236733E-1,1.784245932E0
9.296612208E0,-3.561088815E-3,1.507255316E0,-5.944364667E-1,1.620242569E0
9.306575208E0,-1.454596370E-1,1.384924889E0,-3.973652422E-1,1.448127960E0
9.316538208E0,-3.692877889E-1,1.263666391E0,-2.538101673E-1,1.340763149E0
9.326501208E0,-6.716087461E-1,1.172640085E0,-1.043413281E-1,1.355370868E0
9.336464208E0,-9.925915599E-1,1.074386239E0,1.043216065E-1,1.466433358E0
9.346427208E0,-1.244253874E0,9.888916016E-1,3.041532338E-1,1.618203786E0
9.356391208E0,-1.386799097E0,9.340906739E-1,4.511131346E-1,1.731831453E0
9.366354208E0,-1.442549706E0,8.604937196E-1,6.011968851E-1,1.784050669E0
9.376317208E0,-1.418356299E0,7.964158654E-1,7.449464798E-1,1.789122154E0
9.386280208E0,-1.330393195E0,7.571824789E-1,8.657890558E-1,1.758653476E0
9.396243208E0,-1.240245104E0,7.487224936E-1,9.680282474E-1,1.742375384E0
9.406207208E0,-1.179747581E0,7.525398731E-1,1.005619287E0,1.723192029E0
9.416170208E0,-1.161755323E0,6.980765462E-1,1.004212499E0,1.686839956E0
9.426133208E0,-1.208587050E0,5.899642110E-1,9.902860522E-1,1.670151758E0
9.436096208E0,-1.319066167E0,4.148888886E-1,1.007299542E0,1.710766118E0
9.446059208E0,-1.485495567E0,1.897460520E-1,1.065187216E0,1.837749833E0
9.456022208E0,-1.706770420E0,-3.224587440E-2,1.156995893E0,2.062218359E0
9.465986208E0,-1.939893961E0,-2.064906508E-1,1.252957821E0,2.318562113E0
9.475949208E0,-2.162617683E0,-3.707852364E-1,1.339250922E0,2.570601091E0
9.485912208E0,-2.345311642E0,-5.499174595E-1,1.410086155E0,2.791279075E0
9.495875208E0,-2.475254536E0,-6.876738667E-1,1.431695342E0,2.941008656E0
9.505838208E0,-2.570902348E0,-7.654669285E-1,1.425733089E0,3.037794157E0
9.515802208E0,-2.657826900E0,-8.449388146E-1,1.441731453E0,3.139515092E0
9.525765208E0,-2.780428171E0,-9.457655549E-1,1.483134031E0,3.290127635E0
9.535728208E0,-2.948034286E0,-1.051696777E0,1.493056536E0,3.467879768E0
9.545691208E0,-3.163310528E0,-1.205831289E0,1.445612192E0,3.681080983E0
9.555654208E0,-3.382609129E0,-1.417638779E0,1.341309786E0,3.905234457E0
9.565618208E0,-3.592562437E0,-1.622184515E0,1.220973849E0,4.126592372E0
9.575581208E0,-3.754038095E0,-1.741100073E0,1.175642371E0,4.301902657E0
9.585544208E0,-3.833321095E0,-1.684642673E0,1.212330818E0,4.359141838E0
9.595507208E0,-3.832272530E0,-1.517880559E0,1.312563062E0,4.325863604E0
9.605470208E0,-3.740110397E0,-1.333031893E0,1.392784953E0,4.207760656E0
9.615433208E0,-3.554101467E0,-1.199549198E0,1.420520663E0,4.011039076E0
9.625397208E0,-3.258413553E0,-1.101708651E0,1.386179686E0,3.708438345E0
9.635360208E0,-2.835448265E0,-1.006011009E0,1.288675308E0,3.272996955E0
9.645323208E0,-2.317618370E0,-9.127995372E-1,1.125607491E0,2.733413640E0
9.655286208E0,-1.805906415E0,-7.696779370E-1,9.789573550E-1,2.193640720E0
9.665249208E0,-1.366095781E0,-6.204863191E-1,9.240163565E-1,1.762108732E0
9.675213208E0,-9.886825681E-1,-5.277894139E-1,9.301856160E-1,1.456468388E0
9.685176208E0,-6.887555122E-1,-4.526027739E-1,9.639675617E-1,1.268253479E0
9.695139208E0,-4.443706870E-1,-3.989757001E-1,1.003989577E0,1.168178920E0
9.705102208E0,-2.474493682E-1,-4.030319452E-1,1.002265811E0,1.108243067E0
9.715065208E0,-1.158603057E-1,-4.261756241E-1,9.562268853E-1,1.053289670E0
9.725028208E0,-6.545385718E-2,-4.800724089E-1,8.768545985E-1,1.001812214E0
9.734992208E0,-6.358095258E-2,-5.054072738E-1,7.824370265E-1,9.336416606E-1
9.744955208E0,-7.195872813E-2,-4.943274260E-1,7.350902557E-1,8.887605677E-1
9.754918208E0,-5.739992112E-2,-4.542295933E-1,7.682412863E-1,8.943231789E-1
9.764881208E0,1.250326261E-2,-3.925893903E-1,8.403852582E-1,9.276476395E-1
9.774844208E0,1.663706154E-1,-3.297841847E-1,8.673222661E-1,9.427007497E-1
9.784808208E0,3.935904503E-1,-2.739203870E-1,8.299908638E-1,9.585565476E-1
9.794771208E0,6.540884376E-1,-1.948163211E-1,7.703729272E-1,1.029203347E0
9.804734208E0,9.033027887E-1,-1.078904867E-1,7.356791496E-1,1.169965853E0
9.814697208E0,1.095957637E0,-5.561400205E-2,7.398881912E-1,1.323499375E0
9.824660208E0,1.215501666E0,-5.108076707E-2,7.376900315E-1,1.422757930E0
9.834624208E0,1.269270897E0,-9.785979986E-2,6.952646971E-1,1.450523405E0
9.844587208E0,1.288237095E0,-1.733859777E-1,6.161698699E-1,1.438500198E0
9.854550208E0,1.305672646E0,-2.166162729E-1,5.204977989E-1,1.422189026E0
9.864513208E0,1.330641627E0,-2.326879203E-1,4.438666999E-1,1.421889045E0
9.874476208E0,1.347591400E0,-2.361409217E-1,4.013196528E-1,1.425770872E0
9.884440208E0,1.348281741E0,-2.255122364E-1,3.753498495E-1,1.417606057E0
9.894403208E0,1.341318727E0,-1.955194026E-1,3.572571278E-1,1.401783299E0
9.904366208E0,1.331828594E0,-1.474480182E-1,3.498383760E-1,1.384880938E0
9.914329208E0,1.329962850E0,-1.157237068E-1,3.400549591E-1,1.377617702E0
9.924292208E0,1.335558414E0,-9.448899329E-2,2.960768640E-1,1.371242487E0
9.934256208E0,1.344378352E0,-9.070967138E-2,2.112683356E-1,1.363897250E0
9.944219208E0,1.354933262E0,-1.111377105E-1,1.044302955E-1,1.363488695E0
9.954182208E0,1.358450294E0,-1.384649575E-1,1.030527148E-2,1.365527716E0
9.964145208E0,1.341129065E0,-1.613843888E-1,-7.407671958E-2,1.352833859E0
9.974108208E0,1.302971721E0,-1.816626936E-1,-1.456873566E-1,1.323616804E0
9.984072208E0,1.238912225E0,-1.838731170E-1,-2.040271014E-1,1.268991679E0
9.994035208E0,1.166194201E0,-1.567712277E-1,-2.446369380E-1,1.201845815E0
1.000399821E1,1.085260749E0,-1.273909658E-1,-2.554541528E-1,1.122174753E0
1.001396121E1,1.002292871E0,-1.235175952E-1,-2.293658406E-1,1.035594653E0
1.002392421E1,9.479521513E-1,-9.499274194E-2,-1.979618371E-1,9.730497372E-1
1.003388721E1,9.314787984E-1,-3.023494408E-2,-2.040493786E-1,9.540456240E-1
1.004385121E1,9.203529358E-1,4.646303132E-2,-2.484373450E-1,9.544262434E-1
1.005381421E1,8.905841112E-1,1.097013503E-1,-2.830041647E-1,9.408856480E-1
1.006377721E1,8.279103041E-1,1.476234347E-1,-2.977764606E-1,8.921317002E-1
1.007373900E1,7.569538951E-1,1.783052087E-1,-3.038080633E-1,8.349079506E-1